-- phpMyAdmin SQL Dump
-- version 4.6.4
-- https://www.phpmyadmin.net/
--
-- Client :  127.0.0.1
-- Généré le :  Lun 13 Novembre 2017 à 20:36
-- Version du serveur :  5.7.14
-- Version de PHP :  5.6.25

SET SQL_MODE = "NO_AUTO_VALUE_ON_ZERO";
SET time_zone = "+00:00";


/*!40101 SET @OLD_CHARACTER_SET_CLIENT=@@CHARACTER_SET_CLIENT */;
/*!40101 SET @OLD_CHARACTER_SET_RESULTS=@@CHARACTER_SET_RESULTS */;
/*!40101 SET @OLD_COLLATION_CONNECTION=@@COLLATION_CONNECTION */;
/*!40101 SET NAMES utf8mb4 */;

--
-- Base de données :  `rss`
--

-- --------------------------------------------------------

--
-- Structure de la table `appartenir`
--

CREATE TABLE `appartenir` (
  `id_f` int(11) NOT NULL,
  `id_t` int(11) NOT NULL
) ENGINE=MyISAM DEFAULT CHARSET=latin1;

--
-- Contenu de la table `appartenir`
--

INSERT INTO `appartenir` (`id_f`, `id_t`) VALUES
(15, 10),
(18, 10),
(19, 13),
(20, 14),
(21, 15),
(22, 16);

-- --------------------------------------------------------

--
-- Structure de la table `article`
--

CREATE TABLE `article` (
  `id_a` int(11) NOT NULL,
  `titre` varchar(255) NOT NULL,
  `contenu` text NOT NULL,
  `image` varchar(255) DEFAULT NULL,
  `date_parution` datetime NOT NULL,
  `link` varchar(255) NOT NULL,
  `id_t` int(11) NOT NULL
) ENGINE=MyISAM DEFAULT CHARSET=latin1;

--
-- Contenu de la table `article`
--

INSERT INTO `article` (`id_a`, `titre`, `contenu`, `image`, `date_parution`, `link`, `id_t`) VALUES
(1, 'iPhone X : il y a maintenant une application pour masquer l’encoche', '<p>Si vous n’êtes pas un fan de l’encoche sur le nouvel iPhone X, vous devriez savoir qu’il y a désormais une application promettant de la cacher à l’aide d’un petit fond d’écran, qui ne nécessite même pas un jailbreak. Bien que j’ai l’habitude d’aimer les produits d’Apple, je ne suis pas spécialement un grand fan [&#8230;]</p>\n<p>Cet article <a rel="nofollow" href="http://www.blog-nouvelles-technologies.fr/121191/iphone-x-application-masquer-encoche/">iPhone X : il y a maintenant une application pour masquer l&rsquo;encoche</a> est apparu en premier sur <a rel="nofollow" href="http://www.blog-nouvelles-technologies.fr">BlogNT : le Blog dédié aux Nouvelles Technologies</a>.</p>\n', NULL, '2017-11-13 16:00:25', 'http://www.blog-nouvelles-technologies.fr/121191/iphone-x-application-masquer-encoche/', 10),
(2, 'IBM révèle un prototype d’ordinateur quantique de 50 qubits', '<p>Les chercheurs du laboratoire IBM Q ont été extrêmement occupés cette année. Au mois de mai de cette année, ils ont révélé une plateforme d’informatique quantique avec un processeur de 17 qubits. Et aujourd’hui, ils ont déjà dépassé cette marge. IBM a annoncé qu’elle a mis au point un prototype opérationnel pour un processeur de 50 qubits, ainsi [&#8230;]</p>\n<p>Cet article <a rel="nofollow" href="http://www.blog-nouvelles-technologies.fr/121202/ibm-revele-prototype-ordinateur-quantique-50-qubits/">IBM révèle un prototype d&rsquo;ordinateur quantique de 50 qubits</a> est apparu en premier sur <a rel="nofollow" href="http://www.blog-nouvelles-technologies.fr">BlogNT : le Blog dédié aux Nouvelles Technologies</a>.</p>\n', NULL, '2017-11-13 15:00:06', 'http://www.blog-nouvelles-technologies.fr/121202/ibm-revele-prototype-ordinateur-quantique-50-qubits/', 10),
(3, 'iPhone X : la détection de visage serait plus lente au fil du temps', '<p>Maintenant que le nouvel iPhone X est disponible pour le grand public, les utilisateurs ont commencé à se plaindre que le système de reconnaissance faciale Face ID intégré au flagship devient plus lent au fil du temps sans raison claire. Face ID est l’un des points forts disponibles sur le nouvel iPhone X, et les tests [&#8230;]</p>\n<p>Cet article <a rel="nofollow" href="http://www.blog-nouvelles-technologies.fr/121364/iphone-x-detection-visage-plus-lente-fil-du-temps/">iPhone X : la détection de visage serait plus lente au fil du temps</a> est apparu en premier sur <a rel="nofollow" href="http://www.blog-nouvelles-technologies.fr">BlogNT : le Blog dédié aux Nouvelles Technologies</a>.</p>\n', NULL, '2017-11-13 13:20:26', 'http://www.blog-nouvelles-technologies.fr/121364/iphone-x-detection-visage-plus-lente-fil-du-temps/', 10),
(4, 'OnePlus 5T : maintenant, place au unboxing du smartphone', '<p>Le OnePlus 5T est probablement le secret le moins bien gardé de l’entreprise. À bien des égards, c’est un OnePlus 5 avec un écran différent et un capteur d’empreintes digitales relocalisé. Cela n’a quand même pas arrêté le flot de fuites autour du premier smartphone de OnePlus à avoir un écran au format 18:9 — un ratio de [&#8230;]</p>\n<p>Cet article <a rel="nofollow" href="http://www.blog-nouvelles-technologies.fr/121345/oneplus-5t-maintenant-place-au-unboxing-du-smartphone/">OnePlus 5T : maintenant, place au unboxing du smartphone</a> est apparu en premier sur <a rel="nofollow" href="http://www.blog-nouvelles-technologies.fr">BlogNT : le Blog dédié aux Nouvelles Technologies</a>.</p>\n', NULL, '2017-11-13 12:50:25', 'http://www.blog-nouvelles-technologies.fr/121345/oneplus-5t-maintenant-place-au-unboxing-du-smartphone/', 10),
(5, 'Linux on Galaxy : une version Ubuntu complète sur votre smartphone', '<p>Le dock DeX de Samsung vous permet de connecter l’un des smartphones récents de la société sud-coréenne à un écran externe, une souris et un clavier. Le but est d’utiliser votre smartphone comme un ordinateur de bureau&#8230; en supposant que vous êtes à l’aise avec un ordinateur de bureau fonctionnant sous Android. Mais bientôt, vous [&#8230;]</p>\n<p>Cet article <a rel="nofollow" href="http://www.blog-nouvelles-technologies.fr/121201/linux-on-galaxy-samsung-apportera-version-ubuntu-complete-smartphone/">Linux on Galaxy : une version Ubuntu complète sur votre smartphone</a> est apparu en premier sur <a rel="nofollow" href="http://www.blog-nouvelles-technologies.fr">BlogNT : le Blog dédié aux Nouvelles Technologies</a>.</p>\n', NULL, '2017-11-13 10:20:44', 'http://www.blog-nouvelles-technologies.fr/121201/linux-on-galaxy-samsung-apportera-version-ubuntu-complete-smartphone/', 10),
(6, 'Test du Sony Xperia XZ1 : rapide, amusant, mais le design a besoin de renouveau', '<p>Alors que d’autres sociétés ont adopté des écrans Quad HD, des configurations de caméra à double capteur photo, et des conceptions sans bords d’écran, Sony s’en tient à ses armes et continue à créer les smartphones comme elle l’entend. Le Xperia XZ1, le dernier né de Sony, peut-il rivaliser avec d’autres produits phares tout en respectant [&#8230;]</p>\n<p>Cet article <a rel="nofollow" href="http://www.blog-nouvelles-technologies.fr/119331/test-sony-xperia-xz1/">Test du Sony Xperia XZ1 : rapide, amusant, mais le design a besoin de renouveau</a> est apparu en premier sur <a rel="nofollow" href="http://www.blog-nouvelles-technologies.fr">BlogNT : le Blog dédié aux Nouvelles Technologies</a>.</p>\n', NULL, '2017-11-13 09:20:38', 'http://www.blog-nouvelles-technologies.fr/119331/test-sony-xperia-xz1/', 10),
(7, 'iOS 11.1.1 : le jailbreak révélé sur un iPhone X', '<p>Les jailbreaks sont plus ou moins une chose du passé, car bien qu’ils aient fait leur apparition plusieurs fois ces derniers mois, la majorité des jailbreaks pour les versions récentes d’iOS n’ont jamais atteint le web, laissant les utilisateurs sans option pour débloquer leurs iPhone. Mais maintenant, il y a de l’espoir pour un nouveau [&#8230;]</p>\n<p>Cet article <a rel="nofollow" href="http://www.blog-nouvelles-technologies.fr/121173/ios-11-1-1-jailbreak-revele-iphone-x/">iOS 11.1.1 : le jailbreak révélé sur un iPhone X</a> est apparu en premier sur <a rel="nofollow" href="http://www.blog-nouvelles-technologies.fr">BlogNT : le Blog dédié aux Nouvelles Technologies</a>.</p>\n', NULL, '2017-11-13 08:50:07', 'http://www.blog-nouvelles-technologies.fr/121173/ios-11-1-1-jailbreak-revele-iphone-x/', 10),
(8, 'C’est officiel : Amazon va créer une série dans l’univers du Seigneur des Anneaux', '<p><img width="960" height="414" src="http://www.numerama.com/content/uploads/2017/11/seigneur-des-anneaux.jpg" class="attachment-large size-large wp-post-image" alt="" srcset="http://www.numerama.com/content/uploads/2017/11/seigneur-des-anneaux.jpg 960w, http://www.numerama.com/content/uploads/2017/11/seigneur-des-anneaux-680x293.jpg 680w, http://www.numerama.com/content/uploads/2017/11/seigneur-des-anneaux-270x116.jpg 270w" sizes="(max-width: 960px) 100vw, 960px" /></p>« Un Anneau pour les gouverner tous » : vous pourriez entendre cette phrase sur petit écran prochainement. Amazon Studios a obtenu les droits de l\'œuvre de Tolkien, afin d\'adapter Le Seigneur des anneaux en série.&nbsp;<a href=http://www.numerama.com/pop-culture/303534-le-seigneur-des-anneaux-bientot-en-serie-amazon-studios-pourrait-en-faire-son-game-of-thrones.html target="_blank">[Lire la suite]</a>', NULL, '2017-11-13 18:04:31', 'http://www.numerama.com/pop-culture/303534-le-seigneur-des-anneaux-bientot-en-serie-amazon-studios-pourrait-en-faire-son-game-of-thrones.html', 10),
(9, 'Test de l’iPhone X : la maîtrise du logiciel, l’audace du matériel', '<p><img width="1024" height="576" src="http://www.numerama.com/content/uploads/2017/11/iphone-x-une-2-1024x576.jpg" class="attachment-large size-large wp-post-image" alt="" srcset="http://www.numerama.com/content/uploads/2017/11/iphone-x-une-2-1024x576.jpg 1024w, http://www.numerama.com/content/uploads/2017/11/iphone-x-une-2-680x383.jpg 680w, http://www.numerama.com/content/uploads/2017/11/iphone-x-une-2-270x152.jpg 270w" sizes="(max-width: 1024px) 100vw, 1024px" /></p>L\'iPhone X a été l\'objet de tous les débats après son annonce : trop cher, trop ambitieux, trop rapidement sorti après l\'iPhone 8... Après dix jours d\'essai, notre verdict peut se résumer en quelques mots : après des années tranquilles, Apple montre à nouveau son savoir-faire d\'avant-garde.&nbsp;<a href=http://www.numerama.com/tech/305470-test-de-liphone-x-la-maitrise-du-logiciel-laudace-du-materiel.html target="_blank">[Lire la suite]</a>', NULL, '2017-11-13 17:31:01', 'http://www.numerama.com/tech/305470-test-de-liphone-x-la-maitrise-du-logiciel-laudace-du-materiel.html', 10),
(10, '« Il sera bientôt trop tard » : 15 000 scientifiques implorent l’humanité de sauver la Terre', '<p><img width="1024" height="576" src="http://www.numerama.com/content/uploads/2016/02/terre-horizon-1024x576.jpg" class="attachment-large size-large wp-post-image" alt="" srcset="http://www.numerama.com/content/uploads/2016/02/terre-horizon-1024x576.jpg 1024w, http://www.numerama.com/content/uploads/2016/02/terre-horizon-680x383.jpg 680w, http://www.numerama.com/content/uploads/2016/02/terre-horizon-270x152.jpg 270w" sizes="(max-width: 1024px) 100vw, 1024px" /></p>Plus de 15 000 scientifiques viennent de signer une lettre pour mettre en garde l\'humanité. Les experts alertent sur les risques que nous encourons si nous ne changeons pas dès à présent nos comportements destructeurs pour la Terre.&nbsp;<a href=http://www.numerama.com/sciences/305778-il-sera-bientot-trop-tard-15-000-scientifiques-implorent-lhumanite-de-sauver-la-terre.html target="_blank">[Lire la suite]</a>', NULL, '2017-11-13 17:06:05', 'http://www.numerama.com/sciences/305778-il-sera-bientot-trop-tard-15-000-scientifiques-implorent-lhumanite-de-sauver-la-terre.html', 10),
(11, 'Des fans ont recréé l’intro de The Witcher avec le moteur du 3e opus', '<p><img width="1024" height="576" src="http://www.numerama.com/content/uploads/2017/11/2767-0-1510404985-1024x576.png" class="attachment-large size-large wp-post-image" alt="" srcset="http://www.numerama.com/content/uploads/2017/11/2767-0-1510404985-1024x576.png 1024w, http://www.numerama.com/content/uploads/2017/11/2767-0-1510404985-680x383.png 680w, http://www.numerama.com/content/uploads/2017/11/2767-0-1510404985-270x152.png 270w" sizes="(max-width: 1024px) 100vw, 1024px" /></p>Des moddeurs se sont amusés à reproduire l\'introduction de The Witcher en utilisant le moteur du dernier opus en date. C\'est beau.&nbsp;<a href=http://www.numerama.com/pop-culture/305800-des-fans-ont-recree-lintro-de-the-witcher-avec-le-moteur-du-3e-opus.html target="_blank">[Lire la suite]</a>', NULL, '2017-11-13 16:53:28', 'http://www.numerama.com/pop-culture/305800-des-fans-ont-recree-lintro-de-the-witcher-avec-le-moteur-du-3e-opus.html', 10),
(12, 'Fake news : Facebook arrive « après la bataille » selon ses fact-checkers', '<p><img width="1024" height="724" src="http://www.numerama.com/content/uploads/2017/09/facebook-1024x724.jpg" class="attachment-large size-large wp-post-image" alt="" srcset="http://www.numerama.com/content/uploads/2017/09/facebook-1024x724.jpg 1024w, http://www.numerama.com/content/uploads/2017/09/facebook-680x481.jpg 680w, http://www.numerama.com/content/uploads/2017/09/facebook-270x191.jpg 270w" sizes="(max-width: 1024px) 100vw, 1024px" /></p>Après quasiment un an de travail passé à vérifier les informations de certains contenus relayés sur Facebook pour éviter la mise en avant de fake news, plusieurs prestataires du réseau social dressent un bilan négatif. Ces journalistes et fact-checkers dénoncent le manque d\'investissement et de soutien de Facebook en la matière.&nbsp;<a href=http://www.numerama.com/tech/305789-fake-news-facebook-arrive-apres-la-bataille-selon-ses-fact-checkers.html target="_blank">[Lire la suite]</a>', NULL, '2017-11-13 16:44:37', 'http://www.numerama.com/tech/305789-fake-news-facebook-arrive-apres-la-bataille-selon-ses-fact-checkers.html', 10),
(13, 'Ford invente une casquette high-tech pour éviter de s’endormir au volant', '<p><img width="1024" height="579" src="http://www.numerama.com/content/uploads/2017/11/vintage-casquette-ford-1024x579.jpg" class="attachment-large size-large wp-post-image" alt="vintage-casquette-ford" srcset="http://www.numerama.com/content/uploads/2017/11/vintage-casquette-ford-1024x579.jpg 1024w, http://www.numerama.com/content/uploads/2017/11/vintage-casquette-ford-680x384.jpg 680w, http://www.numerama.com/content/uploads/2017/11/vintage-casquette-ford-270x153.jpg 270w" sizes="(max-width: 1024px) 100vw, 1024px" /></p>Ford a mis au point une casquette high-tech qui sert à lutter contre la somnolence au volant. C\'est encore un prototype mais il est prometteur. En attendant les voitures vraiment autonomes.&nbsp;<a href=http://www.numerama.com/tech/305795-ford-invente-une-casquette-high-tech-pour-eviter-de-sendormir-au-volant.html target="_blank">[Lire la suite]</a>', NULL, '2017-11-13 16:34:02', 'http://www.numerama.com/tech/305795-ford-invente-une-casquette-high-tech-pour-eviter-de-sendormir-au-volant.html', 10),
(14, 'The Punisher : quand Netflix tente de « remixer Jason Bourne avec American Sniper »', '<p><img width="1024" height="685" src="http://www.numerama.com/content/uploads/2017/11/102_crime_111_unit_03324r-1024x685.jpg" class="attachment-large size-large wp-post-image" alt="" srcset="http://www.numerama.com/content/uploads/2017/11/102_crime_111_unit_03324r-1024x685.jpg 1024w, http://www.numerama.com/content/uploads/2017/11/102_crime_111_unit_03324r-680x455.jpg 680w, http://www.numerama.com/content/uploads/2017/11/102_crime_111_unit_03324r-200x135.jpg 200w, http://www.numerama.com/content/uploads/2017/11/102_crime_111_unit_03324r-270x180.jpg 270w, http://www.numerama.com/content/uploads/2017/11/102_crime_111_unit_03324r.jpg 1463w" sizes="(max-width: 1024px) 100vw, 1024px" /></p>The Punisher, le populaire héros de Marvel, s\'invite sur Netflix à compter du 17 novembre, dans une série thriller sanglante. Sans forcément respecter l\'esprit du comics original, comme nous l\'ont expliqué ses créateurs lors de leur passage à Paris.&nbsp;<a href=http://www.numerama.com/pop-culture/305684-the-punisher-quand-netflix-tente-de-remixer-jason-bourne-avec-american-sniper.html target="_blank">[Lire la suite]</a>', NULL, '2017-11-13 15:42:13', 'http://www.numerama.com/pop-culture/305684-the-punisher-quand-netflix-tente-de-remixer-jason-bourne-avec-american-sniper.html', 10),
(15, 'La justice s’attaque en force à Popcorn Time en Norvège', '<p><img width="1024" height="576" src="http://www.numerama.com/content/uploads/2015/10/popcorntime-1900-1024x576.jpg" class="attachment-large size-large wp-post-image" alt="Popcorn Time" srcset="http://www.numerama.com/content/uploads/2015/10/popcorntime-1900-1024x576.jpg 1024w, http://www.numerama.com/content/uploads/2015/10/popcorntime-1900-680x383.jpg 680w, http://www.numerama.com/content/uploads/2015/10/popcorntime-1900-270x152.jpg 270w" sizes="(max-width: 1024px) 100vw, 1024px" /></p>Les majors hollywoodiennes ont remporté une importante victoire en Norvège puisque la justice a ordonné le blocage de nombreuses adresses liées à Popcorn Time.&nbsp;<a href=http://www.numerama.com/pop-culture/305728-la-justice-sattaque-en-force-a-popcorn-time-en-norvege.html target="_blank">[Lire la suite]</a>', NULL, '2017-11-13 15:38:35', 'http://www.numerama.com/pop-culture/305728-la-justice-sattaque-en-force-a-popcorn-time-en-norvege.html', 10),
(16, 'Bruxelles veut connaître votre avis sur les fake news', '<p><img width="1024" height="684" src="http://www.numerama.com/content/uploads/2017/11/woc-ordi-1024x684.jpg" class="attachment-large size-large wp-post-image" alt="" srcset="http://www.numerama.com/content/uploads/2017/11/woc-ordi-1024x684.jpg 1024w, http://www.numerama.com/content/uploads/2017/11/woc-ordi-680x454.jpg 680w, http://www.numerama.com/content/uploads/2017/11/woc-ordi-200x135.jpg 200w, http://www.numerama.com/content/uploads/2017/11/woc-ordi-270x180.jpg 270w" sizes="(max-width: 1024px) 100vw, 1024px" /></p>En vue de mieux lutter contre les fake news, la Commission européenne lance une consultation publique en ligne. Quelles mesures sont à préconiser ? Quels acteurs du numérique sont les plus à même de résoudre le problème ? Les réponses pourraient influer sur la future politique de l\'Union européenne en la matière.&nbsp;<a href=http://www.numerama.com/politique/305665-bruxelles-veut-connaitre-votre-avis-sur-les-fake-news.html target="_blank">[Lire la suite]</a>', NULL, '2017-11-13 15:05:03', 'http://www.numerama.com/politique/305665-bruxelles-veut-connaitre-votre-avis-sur-les-fake-news.html', 10),
(17, '« 80 $ et je dois débloquer Dark Vador ? ! » : Star Wars Battlefront II se fait démonter par les premiers joueurs', '<p><img width="1024" height="576" src="http://www.numerama.com/content/uploads/2017/10/mode-strike-takodana-png-adapt-crop16x9-1455w-1024x576.png" class="attachment-large size-large wp-post-image" alt="" srcset="http://www.numerama.com/content/uploads/2017/10/mode-strike-takodana-png-adapt-crop16x9-1455w-1024x576.png 1024w, http://www.numerama.com/content/uploads/2017/10/mode-strike-takodana-png-adapt-crop16x9-1455w-680x382.png 680w, http://www.numerama.com/content/uploads/2017/10/mode-strike-takodana-png-adapt-crop16x9-1455w-270x152.png 270w, http://www.numerama.com/content/uploads/2017/10/mode-strike-takodana-png-adapt-crop16x9-1455w.png 1455w" sizes="(max-width: 1024px) 100vw, 1024px" /></p>Star Wars Battlefront II est d\'ores et déjà accessible via les services EA Access et EA Origin, et certains joueurs pointent encore du doigt le système de progression et les récompenses du FPS.&nbsp;<a href=http://www.numerama.com/pop-culture/305667-80-et-je-dois-debloquer-dark-vador-star-wars-battlefront-ii-se-fait-demonter-par-les-premiers-joueurs.html target="_blank">[Lire la suite]</a>', NULL, '2017-11-13 14:14:16', 'http://www.numerama.com/pop-culture/305667-80-et-je-dois-debloquer-dark-vador-star-wars-battlefront-ii-se-fait-demonter-par-les-premiers-joueurs.html', 10),
(18, 'Vers une extension de la pré-plainte en ligne pour les violences sexuelles ?', '<p><img width="1024" height="577" src="http://www.numerama.com/content/uploads/2017/10/femme-depression-tristesse-mood-humeur-1024x577.jpg" class="attachment-large size-large wp-post-image" alt="" srcset="http://www.numerama.com/content/uploads/2017/10/femme-depression-tristesse-mood-humeur-1024x577.jpg 1024w, http://www.numerama.com/content/uploads/2017/10/femme-depression-tristesse-mood-humeur-680x383.jpg 680w, http://www.numerama.com/content/uploads/2017/10/femme-depression-tristesse-mood-humeur-270x152.jpg 270w" sizes="(max-width: 1024px) 100vw, 1024px" /></p>La ministre de la justice déclare réfléchir à une extension de la pré-plainte en ligne pour les violences sexuelles. À l\'heure actuelle, seules les atteintes aux biens sont prises en compte par ce dispositif.&nbsp;<a href=http://www.numerama.com/politique/305668-vers-une-extension-de-la-pre-plainte-en-ligne-pour-les-violences-sexuelles.html target="_blank">[Lire la suite]</a>', NULL, '2017-11-13 14:09:26', 'http://www.numerama.com/politique/305668-vers-une-extension-de-la-pre-plainte-en-ligne-pour-les-violences-sexuelles.html', 10),
(19, 'Daimler et HPE veulent alimenter des data centers avec de l’hydrogène', '<p><img width="1024" height="752" src="http://www.numerama.com/content/uploads/2017/11/daimler-hydrogene-data-center-1024x752.jpg" class="attachment-large size-large wp-post-image" alt="" srcset="http://www.numerama.com/content/uploads/2017/11/daimler-hydrogene-data-center-1024x752.jpg 1024w, http://www.numerama.com/content/uploads/2017/11/daimler-hydrogene-data-center-680x500.jpg 680w, http://www.numerama.com/content/uploads/2017/11/daimler-hydrogene-data-center-270x198.jpg 270w" sizes="(max-width: 1024px) 100vw, 1024px" /></p>Faire de l\'hydrogène l\'énergie de secours dans les data centers : voici le projet commun de Daimler, Power Innovation, HPE et du Laboratoire sur les énergies renouvelables. Les piles à hydrogène pourraient ainsi être une alternative au diesel.&nbsp;<a href=http://www.numerama.com/tech/305576-daimler-et-hpe-veulent-alimenter-des-data-centers-avec-de-lhydrogene.html target="_blank">[Lire la suite]</a>', NULL, '2017-11-13 13:24:26', 'http://www.numerama.com/tech/305576-daimler-et-hpe-veulent-alimenter-des-data-centers-avec-de-lhydrogene.html', 10),
(20, 'La France songe à revoir le cadre de la LCEN pour Google, Facebook et Twitter', '<p><img width="1024" height="539" src="http://www.numerama.com/content/uploads/2016/02/republique-numerique-1024x539.jpg" class="attachment-large size-large wp-post-image" alt="" srcset="http://www.numerama.com/content/uploads/2016/02/republique-numerique-1024x539.jpg 1024w, http://www.numerama.com/content/uploads/2016/02/republique-numerique-680x358.jpg 680w, http://www.numerama.com/content/uploads/2016/02/republique-numerique-270x142.jpg 270w" sizes="(max-width: 1024px) 100vw, 1024px" /></p>Va-t-on vers une plus grande responsabilité des géants du net en France ? Mounir Mahjoubir, le d\'État chargé du numérique, explique que des discussions sont en cours au gouvernement. Une révision de la loi pourrait avoir lieu.&nbsp;<a href=http://www.numerama.com/politique/305604-la-france-songe-a-revoir-le-cadre-de-la-lcen-pour-google-facebook-et-twitter.html target="_blank">[Lire la suite]</a>', NULL, '2017-11-13 12:05:56', 'http://www.numerama.com/politique/305604-la-france-songe-a-revoir-le-cadre-de-la-lcen-pour-google-facebook-et-twitter.html', 10),
(21, 'Après la publication de son premier comics, Netflix attend les retours des lecteurs', '<p><img width="1024" height="512" src="http://www.numerama.com/content/uploads/2017/11/mph-millarworld-1024x512.jpg" class="attachment-large size-large wp-post-image" alt="" srcset="http://www.numerama.com/content/uploads/2017/11/mph-millarworld-1024x512.jpg 1024w, http://www.numerama.com/content/uploads/2017/11/mph-millarworld-680x340.jpg 680w, http://www.numerama.com/content/uploads/2017/11/mph-millarworld-270x135.jpg 270w, http://www.numerama.com/content/uploads/2017/11/mph-millarworld.jpg 1200w" sizes="(max-width: 1024px) 100vw, 1024px" /></p>La maison d\'édition Millarworld, propriété de Netflix, publie son premier ouvrage depuis le rachat par le nouveau géant d\'Hollywood. En vue d\'une future adaptation potentielle si le succès le justifie ?&nbsp;<a href=http://www.numerama.com/pop-culture/305553-apres-la-publication-de-son-premier-comics-netflix-attend-les-retours-des-lecteurs.html target="_blank">[Lire la suite]</a>', NULL, '2017-11-13 11:39:04', 'http://www.numerama.com/pop-culture/305553-apres-la-publication-de-son-premier-comics-netflix-attend-les-retours-des-lecteurs.html', 10),
(22, 'Phishing, keylogger : Google montre que les méthodes classiques de piratage restent efficaces', '<p><img width="1024" height="576" src="http://www.numerama.com/content/uploads/2016/02/gmail-safety-1024x576.jpg" class="attachment-large size-large wp-post-image" alt="" srcset="http://www.numerama.com/content/uploads/2016/02/gmail-safety-1024x576.jpg 1024w, http://www.numerama.com/content/uploads/2016/02/gmail-safety-680x383.jpg 680w, http://www.numerama.com/content/uploads/2016/02/gmail-safety-270x152.jpg 270w" sizes="(max-width: 1024px) 100vw, 1024px" /></p>Google dévoile les résultats d\'une étude sur le piratage de ses comptes menée conjointement avec l\'université de Californie à Berkeley pendant un an : il en ressort que le phishing et les keyloggers restent les méthodes les plus efficaces pour récupérer des identifiants.&nbsp;<a href=http://www.numerama.com/tech/305575-phishing-keylogger-google-montre-que-les-methodes-classiques-de-piratage-restent-efficaces.html target="_blank">[Lire la suite]</a>', NULL, '2017-11-13 11:37:49', 'http://www.numerama.com/tech/305575-phishing-keylogger-google-montre-que-les-methodes-classiques-de-piratage-restent-efficaces.html', 10),
(23, 'iPhone X : une entreprise prétend avoir trompé Face ID avec un masque complexe', '<p><img width="1024" height="553" src="http://www.numerama.com/content/uploads/2017/09/faceid-1024x553.png" class="attachment-large size-large wp-post-image" alt="" srcset="http://www.numerama.com/content/uploads/2017/09/faceid-1024x553.png 1024w, http://www.numerama.com/content/uploads/2017/09/faceid-680x367.png 680w, http://www.numerama.com/content/uploads/2017/09/faceid-270x146.png 270w" sizes="(max-width: 1024px) 100vw, 1024px" /></p>Une entreprise vietnamienne spécialisé dans la sécurité prétend avoir contourner Face ID à l\'aide d\'un masque complexe, vidéo floue à l\'appui.&nbsp;<a href=http://www.numerama.com/tech/305538-iphone-x-une-entreprise-pretend-avoir-trompe-face-id-avec-un-masque-complexe.html target="_blank">[Lire la suite]</a>', NULL, '2017-11-13 10:55:13', 'http://www.numerama.com/tech/305538-iphone-x-une-entreprise-pretend-avoir-trompe-face-id-avec-un-masque-complexe.html', 10),
(24, 'Le Bon Plan du Jour : la Nvidia Shield TV 2017 est à 176 euros sur Amazon', '<p><img width="1024" height="576" src="http://www.numerama.com/content/uploads/2017/11/nvidia-shield-tv-1024x576.png" class="attachment-large size-large wp-post-image" alt="" srcset="http://www.numerama.com/content/uploads/2017/11/nvidia-shield-tv-1024x576.png 1024w, http://www.numerama.com/content/uploads/2017/11/nvidia-shield-tv-680x383.png 680w, http://www.numerama.com/content/uploads/2017/11/nvidia-shield-tv-270x152.png 270w" sizes="(max-width: 1024px) 100vw, 1024px" /></p>Si vous êtes à la recherche d\'une belle idée de cadeau, aujourd\'hui, la Nvidia Shield TV 2017 est disponible pour 176 euros sur Amazon.&nbsp;<a href=http://www.numerama.com/tech/305484-le-bon-plan-du-jour-la-nvidia-shield-tv-2017-est-a-176-euros-sur-amazon.html target="_blank">[Lire la suite]</a>', NULL, '2017-11-13 10:42:17', 'http://www.numerama.com/tech/305484-le-bon-plan-du-jour-la-nvidia-shield-tv-2017-est-a-176-euros-sur-amazon.html', 10),
(25, 'Certains iPhone X ont un son qui craque à volume élevé', '<p><img width="1024" height="576" src="http://www.numerama.com/content/uploads/2017/09/iphone-x-produit-1-1024x576.jpg" class="attachment-large size-large wp-post-image" alt="" srcset="http://www.numerama.com/content/uploads/2017/09/iphone-x-produit-1-1024x576.jpg 1024w, http://www.numerama.com/content/uploads/2017/09/iphone-x-produit-1-680x383.jpg 680w, http://www.numerama.com/content/uploads/2017/09/iphone-x-produit-1-270x152.jpg 270w" sizes="(max-width: 1024px) 100vw, 1024px" /></p>L\'iPhone X n\'est pas exempt de couacs de lancement. Une poignée d\'acquéreurs doit effectivement composer avec des problèmes de son quand le volume est élevé.&nbsp;<a href=http://www.numerama.com/tech/305500-certains-iphone-x-ont-un-son-qui-craque-a-volume-eleve.html target="_blank">[Lire la suite]</a>', NULL, '2017-11-13 10:37:20', 'http://www.numerama.com/tech/305500-certains-iphone-x-ont-un-son-qui-craque-a-volume-eleve.html', 10),
(26, 'Google admet un problème de réactivité sur certains écrans du Pixel 2 XL', '<p><img width="1024" height="576" src="http://www.numerama.com/content/uploads/2017/10/pixel-google-1024x576.jpg" class="attachment-large size-large wp-post-image" alt="" srcset="http://www.numerama.com/content/uploads/2017/10/pixel-google-1024x576.jpg 1024w, http://www.numerama.com/content/uploads/2017/10/pixel-google-680x383.jpg 680w, http://www.numerama.com/content/uploads/2017/10/pixel-google-270x152.jpg 270w" sizes="(max-width: 1024px) 100vw, 1024px" /></p>Google a reconnu l\'existence d\'un problème de réactivité sur certains écrans du Pixel 2 XL, au niveau des bords. Un correctif logiciel est en cours de conception.&nbsp;<a href=http://www.numerama.com/tech/305488-google-admet-un-probleme-de-reactivite-sur-certains-ecrans-du-pixel-2.html target="_blank">[Lire la suite]</a>', NULL, '2017-11-13 10:32:23', 'http://www.numerama.com/tech/305488-google-admet-un-probleme-de-reactivite-sur-certains-ecrans-du-pixel-2.html', 10),
(27, 'Mammorisk estime le risque du cancer du sein à partir d’une analyse de données', '<p><img width="1024" height="662" src="http://www.numerama.com/content/uploads/2017/11/mammorisk_densite-1024x662.png" class="attachment-large size-large wp-post-image" alt="" srcset="http://www.numerama.com/content/uploads/2017/11/mammorisk_densite-1024x662.png 1024w, http://www.numerama.com/content/uploads/2017/11/mammorisk_densite-680x439.png 680w, http://www.numerama.com/content/uploads/2017/11/mammorisk_densite-270x174.png 270w, http://www.numerama.com/content/uploads/2017/11/mammorisk_densite.png 1357w" sizes="(max-width: 1024px) 100vw, 1024px" /></p>L\'entreprise Statlife a créé un logiciel qui estime le risque de cancer du sein à partir d\'une analyse de données. Parmi les facteurs considérés par Mammorisk, la densité mammaire apporte une précision supplémentaire dans le diagnostic de chaque patiente.&nbsp;<a href=http://www.numerama.com/sciences/305510-le-logiciel-mammorisk-estime-le-risque-du-cancer-du-sein-a-partir-dune-analyse-de-donnees.html target="_blank">[Lire la suite]</a>', NULL, '2017-11-13 10:31:09', 'http://www.numerama.com/sciences/305510-le-logiciel-mammorisk-estime-le-risque-du-cancer-du-sein-a-partir-dune-analyse-de-donnees.html', 10),
(28, 'Brexit : de nouveaux indices montrent l’influence de la Russie sur Twitter', '<p><img width="1024" height="683" src="http://www.numerama.com/content/uploads/2017/02/mockup-twitter-1024x683.jpg" class="attachment-large size-large wp-post-image" alt="twitter iphone mockup" srcset="http://www.numerama.com/content/uploads/2017/02/mockup-twitter-1024x683.jpg 1024w, http://www.numerama.com/content/uploads/2017/02/mockup-twitter-680x453.jpg 680w, http://www.numerama.com/content/uploads/2017/02/mockup-twitter-270x180.jpg 270w" sizes="(max-width: 1024px) 100vw, 1024px" /></p>Certains comptes Twitter venus de Russie qui ont tenté d\'influer sur la campagne électorale américaine de 2016 ont également tweeté de nombreux messages politiques avant le référendum du Brexit. Les révélations de Wired confirment les craintes d\'un député britannique, qui enquête sur l\'impact politique de cette campagne numérique.&nbsp;<a href=http://www.numerama.com/politique/305443-brexit-de-nouveaux-indices-montrent-linfluence-de-la-russie-sur-twitter.html target="_blank">[Lire la suite]</a>', NULL, '2017-11-13 10:15:28', 'http://www.numerama.com/politique/305443-brexit-de-nouveaux-indices-montrent-linfluence-de-la-russie-sur-twitter.html', 10),
(29, '« Singles’ Day » : la Chine d’Alibaba explose de nouveau tous les records du e-commerce', '<p><img width="1024" height="683" src="http://www.numerama.com/content/uploads/2017/11/last-0-1024x683.jpg" class="attachment-large size-large wp-post-image" alt="" srcset="http://www.numerama.com/content/uploads/2017/11/last-0-1024x683.jpg 1024w, http://www.numerama.com/content/uploads/2017/11/last-0-680x453.jpg 680w, http://www.numerama.com/content/uploads/2017/11/last-0-270x180.jpg 270w, http://www.numerama.com/content/uploads/2017/11/last-0.jpg 1200w" sizes="(max-width: 1024px) 100vw, 1024px" /></p>Reprise comme une fête commerciale par Alibaba en 2009, la journée des célibataires a de nouveau battu tous les records mondiaux en matière de transactions.&nbsp;<a href=http://www.numerama.com/business/305490-singles-day-la-chine-dalibaba-explose-de-nouveau-tous-les-records-du-e-commerce.html target="_blank">[Lire la suite]</a>', NULL, '2017-11-13 10:09:08', 'http://www.numerama.com/business/305490-singles-day-la-chine-dalibaba-explose-de-nouveau-tous-les-records-du-e-commerce.html', 10),
(30, 'Avec ClimateMusic, écoutez le son du réchauffement climatique', '<p><img width="1000" height="528" src="http://www.numerama.com/content/uploads/2017/11/climate-music.png" class="attachment-large size-large wp-post-image" alt="" srcset="http://www.numerama.com/content/uploads/2017/11/climate-music.png 1000w, http://www.numerama.com/content/uploads/2017/11/climate-music-680x359.png 680w, http://www.numerama.com/content/uploads/2017/11/climate-music-270x143.png 270w" sizes="(max-width: 1000px) 100vw, 1000px" /></p>Porté par un artiste californien, le projet ClimateMusic propose à ses auditeurs et auditrices d\'écouter un morceau composé à partir de données sur l\'environnement. À travers cette expérience, les porteurs du projet espèrent sensibiliser le public, sans le noyer sous une avalanche de chiffres.&nbsp;<a href=http://www.numerama.com/pop-culture/305444-avec-climatemusic-ecoutez-le-son-du-rechauffement-climatique.html target="_blank">[Lire la suite]</a>', NULL, '2017-11-13 09:46:44', 'http://www.numerama.com/pop-culture/305444-avec-climatemusic-ecoutez-le-son-du-rechauffement-climatique.html', 10),
(31, 'Encore une hausse de la production de la Switch pour 2018 ?', '<p><img width="1024" height="683" src="http://www.numerama.com/content/uploads/2017/03/switch-manette2-1024x683.jpg" class="attachment-large size-large wp-post-image" alt="" srcset="http://www.numerama.com/content/uploads/2017/03/switch-manette2-1024x683.jpg 1024w, http://www.numerama.com/content/uploads/2017/03/switch-manette2-680x453.jpg 680w, http://www.numerama.com/content/uploads/2017/03/switch-manette2-270x180.jpg 270w, http://www.numerama.com/content/uploads/2017/03/switch-manette2.jpg 1086w" sizes="(max-width: 1024px) 100vw, 1024px" /></p>Nintendo n\'en finirait plus de revoir ses ambitions à la hausse concernant la Switch. Tous les voyants sont au vert et cela donne des ailes au constructeur nippon.&nbsp;<a href=http://www.numerama.com/pop-culture/305476-encore-une-hausse-de-la-production-de-la-switch-pour-2018.html target="_blank">[Lire la suite]</a>', NULL, '2017-11-13 09:45:09', 'http://www.numerama.com/pop-culture/305476-encore-une-hausse-de-la-production-de-la-switch-pour-2018.html', 10),
(32, 'Moins de contenus et un abonnement moins cher : en streaming, Disney ne veut pas faire du Netflix', '<p><img width="1024" height="576" src="http://www.numerama.com/content/uploads/2017/08/disney_tv_1998_hd-1024x576.jpg" class="attachment-large size-large wp-post-image" alt="" srcset="http://www.numerama.com/content/uploads/2017/08/disney_tv_1998_hd-1024x576.jpg 1024w, http://www.numerama.com/content/uploads/2017/08/disney_tv_1998_hd-680x383.jpg 680w, http://www.numerama.com/content/uploads/2017/08/disney_tv_1998_hd-270x152.jpg 270w" sizes="(max-width: 1024px) 100vw, 1024px" /></p>En amont du lancement en 2019 de son service de streaming, Disney se met en ordre de bataille pour trouver sa place dans les habitudes technologiques des Américains. Malgré la présence de ses marques populaires, l\'entreprise vise une tarification plus faible que celle de Netflix.&nbsp;<a href=http://www.numerama.com/business/305449-moins-de-contenus-et-un-abonnement-moins-cher-en-streaming-disney-ne-veut-pas-faire-du-netflix.html target="_blank">[Lire la suite]</a>', NULL, '2017-11-13 09:27:11', 'http://www.numerama.com/business/305449-moins-de-contenus-et-un-abonnement-moins-cher-en-streaming-disney-ne-veut-pas-faire-du-netflix.html', 10),
(33, 'Les applis énergivores seront bientôt pointées du doigt dans Android', '<p><img width="1024" height="576" src="http://www.numerama.com/content/uploads/2016/07/batterie-guide-numerama-1024x576.jpg" class="attachment-large size-large wp-post-image" alt="" srcset="http://www.numerama.com/content/uploads/2016/07/batterie-guide-numerama-1024x576.jpg 1024w, http://www.numerama.com/content/uploads/2016/07/batterie-guide-numerama-680x383.jpg 680w, http://www.numerama.com/content/uploads/2016/07/batterie-guide-numerama-270x152.jpg 270w" sizes="(max-width: 1024px) 100vw, 1024px" /></p>Une mise à jour en cours de développement pour Android permettra aux mobinautes de mieux savoir quelles sont les applications qui sollicitent le plus la batterie du smartphone.&nbsp;<a href=http://www.numerama.com/tech/305429-les-applis-energivores-seront-bientot-pointees-du-doigt-dans-android.html target="_blank">[Lire la suite]</a>', NULL, '2017-11-13 09:08:56', 'http://www.numerama.com/tech/305429-les-applis-energivores-seront-bientot-pointees-du-doigt-dans-android.html', 10),
(34, 'Notch Remover, photos de l’espace… : comment masquer l’encoche de l’iPhone X', '<p><img width="1024" height="576" src="http://www.numerama.com/content/uploads/2017/11/notchremover-1024x576.jpg" class="attachment-large size-large wp-post-image" alt="" srcset="http://www.numerama.com/content/uploads/2017/11/notchremover-1024x576.jpg 1024w, http://www.numerama.com/content/uploads/2017/11/notchremover-680x383.jpg 680w, http://www.numerama.com/content/uploads/2017/11/notchremover-270x152.jpg 270w" sizes="(max-width: 1024px) 100vw, 1024px" /></p>Les méthodes pour se débarrasser de l\'encoche de l\'iPhone X se multiplient. Petite compilation des meilleures.&nbsp;<a href=http://www.numerama.com/tech/305430-notch-remover-photos-de-lespace-comment-masquer-lencoche-de-liphone-x.html target="_blank">[Lire la suite]</a>', NULL, '2017-11-13 08:50:07', 'http://www.numerama.com/tech/305430-notch-remover-photos-de-lespace-comment-masquer-lencoche-de-liphone-x.html', 10),
(35, 'Grave panne chez OVH : tous les serveurs sont rétablis, annonce l’hébergeur', '<p><img width="1024" height="684" src="http://www.numerama.com/content/uploads/2017/11/ovh-1024x684.jpg" class="attachment-large size-large wp-post-image" alt="OVH" srcset="http://www.numerama.com/content/uploads/2017/11/ovh-1024x684.jpg 1024w, http://www.numerama.com/content/uploads/2017/11/ovh-680x454.jpg 680w, http://www.numerama.com/content/uploads/2017/11/ovh-200x135.jpg 200w, http://www.numerama.com/content/uploads/2017/11/ovh-270x180.jpg 270w" sizes="(max-width: 1024px) 100vw, 1024px" /></p>Sale journée pour OVH. L\'hébergeur français a été confronté le 9 novembre à deux incidents importants -- et très rares -- sur certains de ses centres de données. Quatre jours plus tard, les derniers serveurs ont été rétablis.&nbsp;<a href=http://www.numerama.com/business/304644-bfm-business-cozy-cloud-une-importante-panne-chez-ovh-affecte-plusieurs-sites.html target="_blank">[Lire la suite]</a>', NULL, '2017-11-13 08:01:21', 'http://www.numerama.com/business/304644-bfm-business-cozy-cloud-une-importante-panne-chez-ovh-affecte-plusieurs-sites.html', 10),
(36, 'Comment Google corrige les images distordues dans Street View', '<p><img width="1024" height="682" src="http://www.numerama.com/content/uploads/2017/11/batiment-immeuble-reflet-distorsion-1024x682.jpg" class="attachment-large size-large wp-post-image" alt="batiment-immeuble-reflet-distorsion" srcset="http://www.numerama.com/content/uploads/2017/11/batiment-immeuble-reflet-distorsion-1024x682.jpg 1024w, http://www.numerama.com/content/uploads/2017/11/batiment-immeuble-reflet-distorsion-680x453.jpg 680w, http://www.numerama.com/content/uploads/2017/11/batiment-immeuble-reflet-distorsion-270x180.jpg 270w" sizes="(max-width: 1024px) 100vw, 1024px" /></p>Vous devriez voir moins souvent d\'images distordues ou décalées dans Street View : la firme de Mountain View emploie en effet un nouvel algorithme qui aligne les photos entre elles.&nbsp;<a href=http://www.numerama.com/tech/305110-comment-google-corrige-resolu-les-images-distordues-dans-street-view.html target="_blank">[Lire la suite]</a>', NULL, '2017-11-12 17:00:44', 'http://www.numerama.com/tech/305110-comment-google-corrige-resolu-les-images-distordues-dans-street-view.html', 10),
(37, 'La douleur fantôme des paraplégiques pourrait disparaître grâce à la VR', '<p><img width="1024" height="576" src="http://www.numerama.com/content/uploads/2016/08/oculus-rift-1024x576.jpg" class="attachment-large size-large wp-post-image" alt="Oculus Rift" srcset="http://www.numerama.com/content/uploads/2016/08/oculus-rift-1024x576.jpg 1024w, http://www.numerama.com/content/uploads/2016/08/oculus-rift-680x382.jpg 680w, http://www.numerama.com/content/uploads/2016/08/oculus-rift-270x152.jpg 270w, http://www.numerama.com/content/uploads/2016/08/oculus-rift.jpg 1570w" sizes="(max-width: 1024px) 100vw, 1024px" /></p>Pour soulager la douleur ressentie par certains paraplégiques, les scientifiques misent sur la réalité virtuelle. L\'idée ? Duper le cerveau en jouant sur différents stimuli.&nbsp;<a href=http://www.numerama.com/sciences/303629-la-vr-pour-apaiser-la-douleur-dun-membre-fantome.html target="_blank">[Lire la suite]</a>', NULL, '2017-11-12 15:01:58', 'http://www.numerama.com/sciences/303629-la-vr-pour-apaiser-la-douleur-dun-membre-fantome.html', 10),
(38, 'La mission Mars 2020 s’appuiera sur un nombre record de caméras', '<p><img width="1024" height="576" src="http://www.numerama.com/content/uploads/2016/05/mars-1024x576.jpg" class="attachment-large size-large wp-post-image" alt="Mars" srcset="http://www.numerama.com/content/uploads/2016/05/mars-1024x576.jpg 1024w, http://www.numerama.com/content/uploads/2016/05/mars-680x383.jpg 680w, http://www.numerama.com/content/uploads/2016/05/mars-270x152.jpg 270w" sizes="(max-width: 1024px) 100vw, 1024px" /></p>Le prochain rover de la Nasa qui roulera sur Mars sera équipé de 23 instruments scientifiques, afin de ne rien rater de son environnement immédiat sur la planète rouge.&nbsp;<a href=http://www.numerama.com/sciences/303892-la-mission-mars-2020-aura-un-nombre-record-de-cameras-et-de-detecteurs.html target="_blank">[Lire la suite]</a>', NULL, '2017-11-12 13:01:29', 'http://www.numerama.com/sciences/303892-la-mission-mars-2020-aura-un-nombre-record-de-cameras-et-de-detecteurs.html', 10),
(39, 'StudNlife, l’appli qui garde les étudiants informés à l’université', '<p><img width="1024" height="692" src="http://www.numerama.com/content/uploads/2017/07/smartphone-sms-1024x692.jpg" class="attachment-large size-large wp-post-image" alt="smartphone sms" srcset="http://www.numerama.com/content/uploads/2017/07/smartphone-sms-1024x692.jpg 1024w, http://www.numerama.com/content/uploads/2017/07/smartphone-sms-680x459.jpg 680w, http://www.numerama.com/content/uploads/2017/07/smartphone-sms-200x135.jpg 200w, http://www.numerama.com/content/uploads/2017/07/smartphone-sms-270x182.jpg 270w" sizes="(max-width: 1024px) 100vw, 1024px" /></p>Créée par un étudiant de l\'IUT Paris Descartes, l\'application mobile StudNlife entend accompagner les élèves tout au long de leur parcours universitaire. Ses fonctionnalités, liées aux cours et à la vie associative, sont déjà accessibles dans neuf campus de l\'Hexagone.&nbsp;<a href=http://www.numerama.com/tech/305112-lapp-mobile-studnlife-accompagne-les-etudiants-dans-leur-quotidien-a-luniversite.html target="_blank">[Lire la suite]</a>', NULL, '2017-11-12 11:01:50', 'http://www.numerama.com/tech/305112-lapp-mobile-studnlife-accompagne-les-etudiants-dans-leur-quotidien-a-luniversite.html', 10),
(40, 'Figment, Think of The Children… À quels indés de Paris Games Week joue-t-on ce week-end ?', '<p><img width="1024" height="576" src="http://www.numerama.com/content/uploads/2017/11/05-0-1024x576.png" class="attachment-large size-large wp-post-image" alt="figment" srcset="http://www.numerama.com/content/uploads/2017/11/05-0-1024x576.png 1024w, http://www.numerama.com/content/uploads/2017/11/05-0-680x383.png 680w, http://www.numerama.com/content/uploads/2017/11/05-0-270x152.png 270w" sizes="(max-width: 1024px) 100vw, 1024px" /></p>La Paris Games Week nous offre cette année son lot de découvertes et de nouveaux titres indépendants, qu\'elles viennent de France ou d\'ailleurs.&nbsp;<a href=http://www.numerama.com/pop-culture/304356-figment-think-of-the-children-a-quels-indes-de-la-paris-games-week-joue-t-on-ce-week-end.html target="_blank">[Lire la suite]</a>', NULL, '2017-11-12 09:00:36', 'http://www.numerama.com/pop-culture/304356-figment-think-of-the-children-a-quels-indes-de-la-paris-games-week-joue-t-on-ce-week-end.html', 10),
(41, '#CopyrightMadness : Taylor Swift, LeBron James, Boléro de Ravel, Kevin Spacey…', '<p><img width="1024" height="559" src="http://www.numerama.com/content/uploads/2015/12/taylor-swift-1989-1024x559.jpg" class="attachment-large size-large wp-post-image" alt="Taylor Swift 1989" srcset="http://www.numerama.com/content/uploads/2015/12/taylor-swift-1989-1024x559.jpg 1024w, http://www.numerama.com/content/uploads/2015/12/taylor-swift-1989-680x371.jpg 680w, http://www.numerama.com/content/uploads/2015/12/taylor-swift-1989-270x147.jpg 270w" sizes="(max-width: 1024px) 100vw, 1024px" /></p>Chaque week-end, c\'est la compilation de l\'actualité de la propriété intellectuelle et de ses dérives, concoctée par Lionel Maurel et Thomas Fourmeux.&nbsp;<a href=http://www.numerama.com/pop-culture/305313-copyrightmadness-taylor-swift-lebron-james-bolero-de-ravel-kevin-spacey.html target="_blank">[Lire la suite]</a>', NULL, '2017-11-12 07:07:01', 'http://www.numerama.com/pop-culture/305313-copyrightmadness-taylor-swift-lebron-james-bolero-de-ravel-kevin-spacey.html', 10),
(42, 'Ce réseau neuronal crée des visages humains à partir de photos de célébrités', '<p><img width="1024" height="576" src="http://www.numerama.com/content/uploads/2017/11/nvidia-ia-1024x576.jpg" class="attachment-large size-large wp-post-image" alt="" srcset="http://www.numerama.com/content/uploads/2017/11/nvidia-ia-1024x576.jpg 1024w, http://www.numerama.com/content/uploads/2017/11/nvidia-ia-680x383.jpg 680w, http://www.numerama.com/content/uploads/2017/11/nvidia-ia-270x152.jpg 270w" sizes="(max-width: 1024px) 100vw, 1024px" /></p>Un réseau neuronal mis au point par Nvidia est capable de créer des clichés d\'humains plutôt réalistes à partir de photos de personnalités. Il s\'agit plus précisément de deux réseaux distincts, dont le travail conjoint permet d\'obtenir de tels portraits.&nbsp;<a href=http://www.numerama.com/tech/305156-ce-reseau-neuronal-cree-des-visages-de-faux-humains-a-partir-de-photos-de-celebrites.html target="_blank">[Lire la suite]</a>', NULL, '2017-11-11 17:00:32', 'http://www.numerama.com/tech/305156-ce-reseau-neuronal-cree-des-visages-de-faux-humains-a-partir-de-photos-de-celebrites.html', 10),
(43, 'Dans la Silicon Valley, certains « techies » préfèrent désormais vivre cachés', '<p><img width="1024" height="683" src="http://www.numerama.com/content/uploads/2017/11/silicon-valley-1024x683.jpg" class="attachment-large size-large wp-post-image" alt="" srcset="http://www.numerama.com/content/uploads/2017/11/silicon-valley-1024x683.jpg 1024w, http://www.numerama.com/content/uploads/2017/11/silicon-valley-680x453.jpg 680w, http://www.numerama.com/content/uploads/2017/11/silicon-valley-270x180.jpg 270w" sizes="(max-width: 1024px) 100vw, 1024px" /></p>La réputation sévèrement écornée de géants du web comme Facebook et Google depuis les révélations autour de l\'influence russe en pleine présidentielle incite certains salariés de la Silicon Valley à faire profil bas. Un changement d\'attitude notable pour ces « techies » jusqu\'ici fiers de faire partie de cette communauté réputée.&nbsp;<a href=http://www.numerama.com/tech/304557-le-desamour-dans-la-silicon-valley.html target="_blank">[Lire la suite]</a>', NULL, '2017-11-11 15:01:20', 'http://www.numerama.com/tech/304557-le-desamour-dans-la-silicon-valley.html', 10),
(44, 'Découvrez T.I.M.E Stories, notre jeu de société de la semaine', '<p><img width="1024" height="249" src="http://www.numerama.com/content/uploads/2017/10/timestories-cover-1024x249.jpg" class="attachment-large size-large wp-post-image" alt="T.I.M.E Stories" srcset="http://www.numerama.com/content/uploads/2017/10/timestories-cover-1024x249.jpg 1024w, http://www.numerama.com/content/uploads/2017/10/timestories-cover-680x165.jpg 680w, http://www.numerama.com/content/uploads/2017/10/timestories-cover-270x66.jpg 270w" sizes="(max-width: 1024px) 100vw, 1024px" /></p>Découvrez chaque semaine un jeu de société que nous avons sélectionné pour vous (avec amour et passion). Cette semaine, c\'est T.I.M.E Stories qui est à l\'honneur.&nbsp;<a href=http://www.numerama.com/pop-culture/276280-decouvrez-t-i-m-e-stories-notre-jeu-de-societe-de-la-semaine.html target="_blank">[Lire la suite]</a>', NULL, '2017-11-11 13:01:19', 'http://www.numerama.com/pop-culture/276280-decouvrez-t-i-m-e-stories-notre-jeu-de-societe-de-la-semaine.html', 10),
(45, 'Regardez ce petit RoboBee voler, nager et se propulser hors de l’eau', '<p><img width="705" height="390" src="http://www.numerama.com/content/uploads/2017/11/robobee.jpg" class="attachment-large size-large wp-post-image" alt="" srcset="http://www.numerama.com/content/uploads/2017/11/robobee.jpg 705w, http://www.numerama.com/content/uploads/2017/11/robobee-680x376.jpg 680w, http://www.numerama.com/content/uploads/2017/11/robobee-270x149.jpg 270w" sizes="(max-width: 705px) 100vw, 705px" /></p>Le RoboBee n\'est pas seulement un petit robot sympathique ressemblant à une abeille. Il sait aussi voler, plonger dans l\'eau puis en ressortir grâce à ses ailes, ses flotteurs et la combustion d\'un gaz qui l\'éjecte dans les airs.&nbsp;<a href=http://www.numerama.com/tech/304981-regardez-ce-petit-robobee-voler-nager-et-sejecter-hors-de-leau-comme-un-grand.html target="_blank">[Lire la suite]</a>', NULL, '2017-11-11 11:00:12', 'http://www.numerama.com/tech/304981-regardez-ce-petit-robobee-voler-nager-et-sejecter-hors-de-leau-comme-un-grand.html', 10);
INSERT INTO `article` (`id_a`, `titre`, `contenu`, `image`, `date_parution`, `link`, `id_t`) VALUES
(46, 'Football Manager 2018, The Surge, Dishonored… Découvrez les bons plans jeux vidéo du week-end', '<p><img width="1024" height="576" src="http://www.numerama.com/content/uploads/2017/11/dishonored_2_characters-0-1024x576.jpg" class="attachment-large size-large wp-post-image" alt="" srcset="http://www.numerama.com/content/uploads/2017/11/dishonored_2_characters-0-1024x576.jpg 1024w, http://www.numerama.com/content/uploads/2017/11/dishonored_2_characters-0-680x383.jpg 680w, http://www.numerama.com/content/uploads/2017/11/dishonored_2_characters-0-270x152.jpg 270w, http://www.numerama.com/content/uploads/2017/11/dishonored_2_characters-0.jpg 1600w" sizes="(max-width: 1024px) 100vw, 1024px" /></p>Cette semaine, retrouvez de fraîches promotions sur les franchises comme Dishonored, Civilization, Borderlands ou Assassin\'s Creed sur consoles et PC.&nbsp;<a href=http://www.numerama.com/pop-culture/304251-football-manager-2018-the-surge-dishonored-decouvrez-les-bons-plans-jeux-video-du-week-end.html target="_blank">[Lire la suite]</a>', NULL, '2017-11-11 09:01:35', 'http://www.numerama.com/pop-culture/304251-football-manager-2018-the-surge-dishonored-decouvrez-les-bons-plans-jeux-video-du-week-end.html', 10),
(47, 'En avant toute(s) vous invite à soutenir son tchat destiné aux femmes victimes de violences', '<p><img width="1024" height="425" src="http://www.numerama.com/content/uploads/2017/11/en-avant-toutes-tchat-1024x425.png" class="attachment-large size-large wp-post-image" alt="" srcset="http://www.numerama.com/content/uploads/2017/11/en-avant-toutes-tchat-1024x425.png 1024w, http://www.numerama.com/content/uploads/2017/11/en-avant-toutes-tchat-680x282.png 680w, http://www.numerama.com/content/uploads/2017/11/en-avant-toutes-tchat-270x112.png 270w" sizes="(max-width: 1024px) 100vw, 1024px" /></p>L\'association En avant toute(s) fait appel à la générosité des internautes pour améliorer son tchat destiné aux femmes victimes de violences. Cet outil permet aux utilisatrices de bénéficier d\'un échange anonyme et gratuit de trente minutes.&nbsp;<a href=http://www.numerama.com/tech/305357-en-avant-toutes-vous-invite-a-soutenir-son-tchat-destine-aux-femmes-victimes-de-violences.html target="_blank">[Lire la suite]</a>', NULL, '2017-11-10 17:26:18', 'http://www.numerama.com/tech/305357-en-avant-toutes-vous-invite-a-soutenir-son-tchat-destine-aux-femmes-victimes-de-violences.html', 10),
(48, 'Pour Google, le phishing reste toujours aussi rentable', 'Selon une large étude menée par Google, la principale menace qui pèse sur les utilisateurs reste les attaques de pishing. Les chercheurs de Google estiment que celle-ci reste la technique la plus « rentable » pour les cybercriminels.', NULL, '2017-11-13 16:12:01', 'http://www.zdnet.fr/actualites/pour-google-le-phishing-reste-toujours-aussi-rentable-39859910.htm#xtor=RSS-1', 13),
(49, 'Cinq outils de formation continue divers mais variés !', 'Une fois entré dans le monde du travail, la mise à jour de ses connaissances ne s’arrête pas. Qu’elle soit formelle ou non, continuer sa formation professionnelle est un droit, et une bonne solution pour évoluer dans sa carrière. Voici cinq outils originaux et ludiques pour le faire.', NULL, '2017-11-13 14:49:01', 'http://www.zdnet.fr/actualites/cinq-outils-de-formation-continue-divers-mais-varies-39859908.htm#xtor=RSS-1', 13),
(50, 'Play Store : Google veut lutter contre l\'abus de ses API d’accessibilité dans des apps', 'Google veut faire une nouvelle fois le ménage sur son magasin d’applications. Plusieurs développeurs ont ainsi reçu un mail les avertissant que les API destinées à renforcer l’accessibilité des apps devaient être utilisées uniquement dans ce but, sous peine de se voir retirées du Google Play Store.', NULL, '2017-11-13 11:46:01', 'http://www.zdnet.fr/actualites/play-store-google-veut-lutter-contre-l-abus-de-ses-api-d-accessibilite-dans-des-apps-39859890.htm#xtor=RSS-1', 13),
(51, 'Street View : Google sanctionné par la Cnil espagnole', 'Après la France, l\'Allemagne, la Belgique ou la Corée du Sud, Google est condamné pour la collecte des données personnelles sur les réseaux Wi-Fi non sécurisés.', NULL, '2017-11-13 10:38:01', 'http://www.zdnet.fr/actualites/street-view-google-sanctionne-par-la-cnil-espagnole-39859882.htm#xtor=RSS-1', 13),
(52, 'Alibaba Single Days : le géant chinois engrange plus de 25 milliards de dollars', 'Lors de sa traditionnelle “journée des célibataires”, le cybermarchand AIibaba a une nouvelle fois explosé son précédent record en réalisant pour 25,3 milliards de dollars de chiffre d’affaires. L’essentiel des transactions se sont faites depuis des mobiles.', NULL, '2017-11-13 06:57:01', 'http://www.zdnet.fr/actualites/alibaba-single-days-le-geant-chinois-engrange-plus-de-25-milliards-de-dollars-39859862.htm#xtor=RSS-1', 13),
(53, 'Facebook s\'arme d\'un pilote contre les souffrances du Revenge Porn', 'Vous craignez de voir des photos intimes être partagées à vos dépens sur les services de Facebook ? Peut-être pourrez-vous à l\'avenir prévenir de tels agissements. En partenariat avec une agence gouvernementale australienne, Facebook ouvre un programme pilote.\n', NULL, '2017-11-10 16:24:01', 'http://www.zdnet.fr/actualites/facebook-s-arme-d-un-pilote-contre-les-souffrances-du-revenge-porn-39859844.htm#xtor=RSS-1', 13),
(54, 'The (blue) ring : Twitter suspend son mécanisme de vérification', 'Twitter a stoppé son processus de vérification des comptes. Cette décision intervient après une polémique suite à la vérification d’un compte appartenant à un suprémaciste blanc américain. Twitter explique vouloir repenser ce système.', NULL, '2017-11-10 12:03:01', 'http://www.zdnet.fr/actualites/the-blue-ring-twitter-suspend-son-mecanisme-de-verification-39859828.htm#xtor=RSS-1', 13),
(55, 'Uber : la malédiction anglaise se poursuit', 'Après avoir perdu sa licence à Londres, le service de transport a perdu une bataille juridique qui l\'oblige à payer ses chauffeurs au salaire minimum.', NULL, '2017-11-10 11:41:01', 'http://www.zdnet.fr/actualites/uber-la-malediction-anglaise-se-poursuit-39859820.htm#xtor=RSS-1', 13),
(56, 'Facebook, ce vampire de la psychologie humaine', 'L\'ancien président du réseau social, Sean Parker, critique la société qu\'il a aidé à faire émerger. Pour lui, Facebook a été conçu pour exploiter la façon dont les individus pensent et se comportent. Et on ne vous parle pas des effets pour "les cerveaux de nos enfants".', NULL, '2017-11-10 11:36:01', 'http://www.zdnet.fr/actualites/facebook-ce-vampire-de-la-psychologie-humaine-39859818.htm#xtor=RSS-1', 13),
(57, 'Chrome 64 : Google s’attaque aux redirections indélicates', 'Google présente ses nouvelles fonctionnalités qui arriveront dans la version 64 du navigateur, prévue pour le début d’année 2018. Parmi celles-ci, Google entend mettre fin aux redirections abusives de certains sites web.', NULL, '2017-11-09 11:07:01', 'http://www.zdnet.fr/actualites/chrome-64-google-s-attaque-aux-redirections-indelicates-39859768.htm#xtor=RSS-1', 13),
(58, 'Facebook : l\'IA à la rescousse des victimes de Revenge Porn', 'Certains utilisateurs du réseau social qui ont déjà mis en ligne des clichés compromettants pourront se prémunir d\'une diffusion plus massive grâce à une mécanique de marquage de contenu et d\'apprentissage automatique. Un test est mené en Australie.', NULL, '2017-11-09 09:04:01', 'http://www.zdnet.fr/actualites/facebook-l-ia-a-la-rescousse-des-victimes-de-revenge-porn-39859752.htm#xtor=RSS-1', 13),
(59, 'Ethereum : une réaction en chaîne gèle de nombreux portefeuilles Parity', 'Un nouveau bug est venu affecter les portefeuilles multi signatures développés par la société Parity pour les utilisateurs d’Ethereum. Cette faille de sécurité a été exploitée par un internaute, qui a bloqué de nombreux ethers appartenant à des utilisateurs. Ceux-ci sont pour le moment inutilisables.', NULL, '2017-11-09 08:13:01', 'http://www.zdnet.fr/actualites/ethereum-une-reaction-en-cha-ne-gele-de-nombreux-portefeuilles-parity-39859738.htm#xtor=RSS-1', 13),
(60, 'Nouvelle application Android de Google : gérer le stockage et partager des fichiers sans utiliser de forfait data', 'L\'application de Google nommée Files Go va donner aux utilisateurs Android un moyen simple de partager des fichiers et de gérer le stockage.', NULL, '2017-11-08 15:23:01', 'http://www.zdnet.fr/actualites/nouvelle-application-android-de-google-gerer-le-stockage-et-partager-des-fichiers-sans-utiliser-de-forfait-data-39859728.htm#xtor=RSS-1', 13),
(61, 'Facebook étend les capacités de Messenger aux sites Web des professionnels', 'Avec la version 2.2 de la plate-forme de messagerie, Facebook met en place un plug-in de chat pour les clients qui permet des interactions client multi-plateformes.', NULL, '2017-11-08 14:21:01', 'http://www.zdnet.fr/actualites/facebook-etend-les-capacites-de-messenger-aux-sites-web-des-professionnels-39859722.htm#xtor=RSS-1', 13),
(62, 'Twitter se hisse à 280 caractères : la fin de l\'esprit original ?', 'La révolution promise est désormais ouverte à tous : l\'oiseau bleu double le nombre maximum de caractères dans un tweet et jure que cela ne changera rien à sa philosophie.', NULL, '2017-11-08 11:24:01', 'http://www.zdnet.fr/actualites/twitter-se-hisse-a-280-caracteres-la-fin-de-l-esprit-original-39859702.htm#xtor=RSS-1', 13),
(63, 'Europe : à la techno et ses entreprises de nous servir, non l\'inverse', 'Margrethe Vestager, commissaire européenne à la Concurrence, revendique une approche stricte, mais juste pour réglementer les grandes entreprises technologiques. Un avis partagé par Apple, Google et Facebook ?', NULL, '2017-11-08 11:23:01', 'http://www.zdnet.fr/actualites/europe-a-la-techno-et-ses-entreprises-de-nous-servir-non-l-inverse-39859700.htm#xtor=RSS-1', 13),
(64, 'Facebook Messenger : le transfert d\'argent est activé en France', 'Facebook ajoute un système de transfert d’argent entre amis à Messenger sans prélever de commission.', NULL, '2017-11-08 09:00:00', 'http://www.zdnet.fr/actualites/facebook-messenger-le-transfert-d-argent-est-active-en-france-39859708.htm#xtor=RSS-1', 13),
(65, 'Snapchat : encore des pertes et une nouvelle version Android en préparation', 'Le réseau social a du mal à recruter des nouveaux membres, il annonce une nouvelle app Android moins compliquée à utiliser.', NULL, '2017-11-08 08:51:01', 'http://www.zdnet.fr/actualites/snapchat-encore-des-pertes-et-une-nouvelle-version-android-en-preparation-39859680.htm#xtor=RSS-1', 13),
(66, 'C\'est acté : Twitter passe à 280 caractères', 'Le réseau social de microblogging a décidé de généraliser la longueur maximale des tweets qui passe de 140 à 280 caractères. Cette mesure concerne les messages rédigés avec des caractères latins.', NULL, '2017-11-08 06:19:01', 'http://www.zdnet.fr/actualites/c-est-acte-twitter-passe-a-280-caracteres-39859674.htm#xtor=RSS-1', 13),
(67, 'Paradis artificiels : la maison fantôme de Facebook aux Caïmans', 'Facebook aussi est éclaboussé par les Paradise Papers et leurs révélations sur le recours aux paradis fiscaux pour échapper à l\'impôt. Le réseau social ne feint ainsi parfois même plus de respecter toutes ses obligations légales pour justifier sa domiciliation aux Caïmans.', NULL, '2017-11-07 15:45:01', 'http://www.zdnet.fr/actualites/paradis-artificiels-la-maison-fantome-de-facebook-aux-ca-mans-39859664.htm#xtor=RSS-1', 13),
(68, 'Google et Salesforce s’entendent sur le cloud', 'Selon les termes du partenariat scellé entre Google et Salesforce, ce dernier va intégrer G Suite dans ses produits et utilisera Google Cloud Platform pour son infrastructure internationale.', NULL, '2017-11-07 07:09:01', 'http://www.zdnet.fr/actualites/google-et-salesforce-s-entendent-sur-le-cloud-39859614.htm#xtor=RSS-1', 13),
(244, 'Archos joue la carte du haut de gamme avec le Diamond Omega', 'Développé en partenariat avec le chinois ZTE, ce terminal joue évidemment la carte du prix serré puisqu\'il est proposé sous la barre des 500 euros.', NULL, '2017-10-13 07:00:00', 'http://www.zdnet.fr/actualites/archos-joue-la-carte-du-haut-de-gamme-avec-le-diamond-omega-39858638.htm#xtor=RSS-1', 16),
(243, 'Obtenir l\'iPhone X le jour J s\'annonce compliqué', 'Les fabricants d\'iPhone seraient encore aux prises avec les capteurs Face ID, ce qui pourrait signifier une grave pénurie d\'iPhone X au démarrage.', NULL, '2017-10-13 12:41:02', 'http://www.zdnet.fr/actualites/obtenir-l-iphone-x-le-jour-j-s-annonce-complique-39858654.htm#xtor=RSS-1', 16),
(241, 'Razer prépare un smartphone haut de gamme [MAJ]', 'La marque bien connue des gamers avec ses PC taillés pour le jeu vidéo multiplie les diversifications depuis quelques temps.', NULL, '2017-10-16 09:23:01', 'http://www.zdnet.fr/actualites/razer-prepare-un-smartphone-haut-de-gamme-maj-39858696.htm#xtor=RSS-1', 16),
(242, 'OnePlus fait marche arrière sur la collecte des données personnelles', 'Face à la polémique, le fabriquant chinois annonce que les données les plus sensibles ne seront plus transmises.', NULL, '2017-10-16 07:32:01', 'http://www.zdnet.fr/actualites/oneplus-fait-marche-arriere-sur-la-collecte-des-donnees-personnelles-39858688.htm#xtor=RSS-1', 16),
(239, 'Mate 10 : Huawei continue à se frotter aux grands [MAJ]', 'Le géant chinois qui talonne Apple entend bien le dépasser avec ce nouveau modèle haut de gamme décliné en version Pro et Lite.', NULL, '2017-10-17 08:01:01', 'http://www.zdnet.fr/actualites/mate-10-huawei-continue-a-se-frotter-aux-grands-maj-39858750.htm#xtor=RSS-1', 16),
(240, 'Essential poursuivi pour sa technologie sans fil', 'Le fabricant de l’Essential Phone fait l’objet d’une plainte pour vol de secrets commerciaux au sujet de sa technologie de transmission sans fil de données qui s\'inspirerait fortement de celle développée par la société Keyssa avec laquelle il avait eu des échanges.', NULL, '2017-10-17 05:43:01', 'http://www.zdnet.fr/actualites/essential-poursuivi-pour-sa-technologie-sans-fil-39858740.htm#xtor=RSS-1', 16),
(238, 'L’iPhone X, l’atout des ventes de smartphones en 2018', 'Les ventes de smartphones devraient augmenter nettement pour la première fois depuis 2015, grâce à Apple. Cela signifie donc aussi que la croissance ne sera pas répartie équitablement entre constructeurs.', NULL, '2017-10-18 05:26:02', 'http://www.zdnet.fr/actualites/l-iphone-x-l-atout-des-ventes-de-smartphones-en-2018-39858794.htm#xtor=RSS-1', 16),
(237, 'Le PC traditionnel perd toujours des plumes', 'Le PC ne mourra pas, mais les ventes de modèles traditionnels continuent année après année de décliner pour chuter à 204 millions en 2017, prévoit Gartner. Le marché pourrait néanmoins croître de 0,8% en 2018. Pour de vrai cette fois ? bah ça dépend...', NULL, '2017-10-18 10:00:01', 'http://www.zdnet.fr/actualites/le-pc-traditionnel-perd-toujours-des-plumes-39858816.htm#xtor=RSS-1', 16),
(236, 'Migrer le support mobile vers le cloud pour éviter la migraine', 'Lorsque les utilisateurs sont répartis partout dans le monde, il est peut être temps d\'envisager une solution de gestion de la mobilité basée sur le cloud computing.', NULL, '2017-10-20 08:13:00', 'http://www.zdnet.fr/actualites/migrer-le-support-mobile-vers-le-cloud-pour-eviter-la-migraine-39858892.htm#xtor=RSS-1', 16),
(235, 'Comme Samsung, Huawei fait mousser le smartphone pliable pour 2018 (MAJ)', 'Le PDG de Huawei, troisième constructeur mondial de smartphones, déclare à CNET disposer déjà d\'un prototype fonctionnel. Le terminal pourrait être prêt pour l\'année prochaine. Quelques défauts du modèle à écran pliable doivent encore être corrigés.', NULL, '2017-10-20 14:43:01', 'http://www.zdnet.fr/actualites/comme-samsung-huawei-fait-mousser-le-smartphone-pliable-pour-2018-maj-39858938.htm#xtor=RSS-1', 16),
(78, 'Qualcomm rejette sans ciller l\'OPA de Broadcom à 130 milliards', 'Le fondeur américain estime que l\'offre de son compatriote le sous-valorise fortement. On attend donc la montée des enchères.', NULL, '2017-11-13 15:52:01', 'http://www.zdnet.fr/actualites/qualcomm-rejette-sans-ciller-l-opa-de-broadcom-a-130-milliards-39859904.htm#xtor=RSS-1', 14),
(79, 'Les 4 conseils de Decathlon pour "bien voyager" sur le cloud public', 'Le roi français du matériel sportif s\'est tourné dès 2012 vers le cloud public. Une technologie qui prend aujourd\'hui de plus en plus de place dans son système d\'information. Voici son retour d\'expérience, et ses astuces.', NULL, '2017-11-13 14:23:01', 'http://www.zdnet.fr/actualites/les-4-conseils-de-decathlon-pour-bien-voyager-sur-le-cloud-public-39859900.htm#xtor=RSS-1', 14),
(80, 'Cloud et DevOps : un duo dynamique forgé pour un climat économique concurrentiel', 'Une étude montre que les versions logicielles sont livrées plus rapidement et plus efficacement dans les entreprises qui ont à la fois une solide culture du cloud computing et du DevOps.', NULL, '2017-11-13 11:25:00', 'http://www.zdnet.fr/actualites/cloud-et-devops-un-duo-dynamique-forge-pour-un-climat-economique-concurrentiel-39859452.htm#xtor=RSS-1', 14),
(81, 'Le Samsung Galaxy S8 victime du syndrome des SMS perdus ?', 'Les témoignages commencent à se multiplier : de nombreux utilisateurs sur la planète, notamment en France, se plaignent de ne pas recevoir tous les SMS qu\'on leur envoie. ', NULL, '2017-11-13 11:00:01', 'http://www.zdnet.fr/actualites/le-samsung-galaxy-s8-victime-du-syndrome-des-sms-perdus-39859888.htm#xtor=RSS-1', 14),
(82, 'iPhone X : Face ID évidemment déjà hacké, mais... [MAJ]', 'Le dispositif a été leurré par un simple masque réalisé notamment en impression 3D, un peu comme le contournement de Touch ID avec une fausse empreinte.', NULL, '2017-11-13 10:39:02', 'http://www.zdnet.fr/actualites/iphone-x-face-id-evidemment-deja-hacke-mais-maj-39859874.htm#xtor=RSS-1', 14),
(83, 'IBM : un ordinateur quantique capable de gérer 50 qubits', 'Les deux systèmes IBM de 20 qubits et 50 qubits d\'IBM maintiennent un état quantique de 90 microsecondes, un record pour l\'industrie.', NULL, '2017-11-13 10:35:01', 'http://www.zdnet.fr/actualites/ibm-un-ordinateur-quantique-capable-de-gerer-50-qubits-39859886.htm#xtor=RSS-1', 14),
(84, 'Réalité augmentée : un casque Apple en 2020 ?', 'Selon les dernières fuites, Apple travaillerait sur un casque de réalité augmentée basé sur un système d’exploitation inédit et une nouvelle version d’ARKit. Sa commercialisation interviendrait d’ici deux ans.', NULL, '2017-11-13 06:16:02', 'http://www.zdnet.fr/actualites/realite-augmentee-un-casque-apple-en-2020-39859860.htm#xtor=RSS-1', 14),
(85, 'L\'Inria et Qwant contre les piranhas de la vie privée', 'Qwant et l’Inria annoncent un partenariat sur une durée de 4 ans. Celui-ci aura pour objectif la mise en place un laboratoire commun entre les deux entités chargées de travailler sur les problématiques liées à la vie privée et aux moteurs de recherche. ', NULL, '2017-11-10 15:25:02', 'http://www.zdnet.fr/actualites/l-inria-et-qwant-contre-les-piranhas-de-la-vie-privee-39859836.htm#xtor=RSS-1', 14),
(86, 'IA : peur bleue pour l\'emploi et les compétences ?', 'Les progrès dans la vision par ordinateur, la voix, l\'analyse et la robotique mobile promettent d\'affecter tous les emplois liés à ces compétences.', NULL, '2017-11-10 15:12:01', 'http://www.zdnet.fr/actualites/ia-peur-bleue-pour-l-emploi-et-les-competences-39859838.htm#xtor=RSS-1', 14),
(87, 'Le retour de l\'Intelligence Artificielle, ou le syndrome du poisson rouge ?', 'Aurions-nous la mémoire courte, à l\'imagine du poisson rouge ? Robert Bentz, directeur adjoint FWA, pose la question au sujet de l\'intelligence artificielle pour mettre en garde contre les illusions et appeler à prendre des décisions pour enfin faire réussir des projets.', NULL, '2017-11-10 11:54:01', 'http://www.zdnet.fr/actualites/le-retour-de-l-intelligence-artificielle-ou-le-syndrome-du-poisson-rouge-39859824.htm#xtor=RSS-1', 14),
(88, 'Méga-panne d\'OVH : ça saignait encore à J+1', 'Ce vendredi matin, si les problèmes d\'alimentation électrique et de lien fibre optique ont été résolus, de nombreux clients de l\'hébergeur subissent encore des difficultés.', NULL, '2017-11-10 09:33:01', 'http://www.zdnet.fr/actualites/mega-panne-d-ovh-ca-saignait-encore-a-j1-39859804.htm#xtor=RSS-1', 14),
(89, 'Imagerie : Apple met la main sur InVisage Technologies', 'InVisage Technologies est une jeune pousse spécialisée dans les technologies d’imagerie basées sur les nanotechnologies qui améliorent les performances de capteurs photo.', NULL, '2017-11-10 07:19:02', 'http://www.zdnet.fr/actualites/imagerie-apple-met-la-main-sur-invisage-technologies-39859796.htm#xtor=RSS-1', 14),
(90, 'Trimestriels : Nvidia porté par le jeu et les datacenters', 'Nvidia a dépassé les prévisions des marchés pour son troisième trimestre avec un chiffre d’affaires et des bénéfices en forte hausse sur un an, portés par les performances sur les segments des jeux vidéo et des datacenters.', NULL, '2017-11-10 06:32:01', 'http://www.zdnet.fr/actualites/trimestriels-nvidia-porte-par-le-jeu-et-les-datacenters-39859794.htm#xtor=RSS-1', 14),
(91, 'Cryptomineurs dans le navigateur : piratage ou expérimentation ?', 'Depuis quelques mois, plusieurs sites tirent parti de services tels que CoinHive afin de miner des cryptomonnaies sur le processeur de leurs utilisateurs. La pratique, encore nouvelle, pose encore question tant elle s’apparente à une tactique malveillante.', NULL, '2017-11-09 17:28:01', 'http://www.zdnet.fr/actualites/cryptomineurs-dans-le-navigateur-piratage-ou-experimentation-39859786.htm#xtor=RSS-1', 14),
(92, 'Panne OVH : incident "clos" et premières explications techniques', 'Dans un billet, Octave Klaba revient sur la méga-panne qui a notamment touché son datacenter de Strasbourg coupant l\'accessibilité de millions de sites Web en France et à l\'étranger.', NULL, '2017-11-09 14:41:01', 'http://www.zdnet.fr/actualites/panne-ovh-incident-clos-et-premieres-explications-techniques-39859778.htm#xtor=RSS-1', 14),
(93, 'Méga-panne OVH : 3 millions de sites potentiellement touchés, l\'incident en cours de résolution [MAJ 2]', 'Panne électrique, rupture de liaison fibre : l\'incident est sans précédent pour l\'hébergeur français qui met les bouchées double pour un retour à la normale. ', NULL, '2017-11-09 11:30:01', 'http://www.zdnet.fr/actualites/mega-panne-ovh-3-millions-de-sites-potentiellement-touches-l-incident-en-cours-de-resolution-maj-2-39859762.htm#xtor=RSS-1', 14),
(94, 'iPad 2018 : un nouveau design, bouton Home absent et Face ID ?', 'Selon Bloomberg, Apple pourrait apporter de nombreuses modifications à sa tablette tactile l\'an prochain.', NULL, '2017-11-09 09:53:01', 'http://www.zdnet.fr/actualites/ipad-2018-un-nouveau-design-bouton-home-absent-et-face-id-39859758.htm#xtor=RSS-1', 14),
(95, 'OVH : nouvelle méga-panne pour le géant de l\'hébergement', 'Depuis 7h du matin ce jeudi, OVH subit une grosse panne d’alimentation électrique qui plonge dans le noir les nombreux sites qu\'il héberge.', NULL, '2017-11-09 09:03:01', 'http://www.zdnet.fr/actualites/ovh-nouvelle-mega-panne-pour-le-geant-de-l-hebergement-39859750.htm#xtor=RSS-1', 14),
(96, 'Robotique, IA et business : tout ce que les humains doivent en savoir', 'Les technologies d\'automatisation et d\'intelligence artificielle font exploser un domaine jusqu\'alors réservé à certains seulement. Le marché de la robotique, qui devrait dépasser les 135 milliards de dollars dans deux ans, peut-il vous intéresser ? Voici un guide de la technologie et des tendances.', NULL, '2017-11-09 08:15:00', 'http://www.zdnet.fr/actualites/robotique-ia-et-business-tout-ce-que-les-humains-doivent-en-savoir-39858356.htm#xtor=RSS-1', 14),
(97, 'Microsoft Word: un créateur de CV connecté à LinkedIn', 'Le réseau social professionnel, propriété de Microsoft, a développé un assistant de création de CV intégré au traitement de texte Word. Il sera d’abord disponible pour les abonnés Office 365.', NULL, '2017-11-09 07:31:01', 'http://www.zdnet.fr/actualites/microsoft-word-un-createur-de-cv-connecte-a-linkedin-39859746.htm#xtor=RSS-1', 14),
(98, 'Intel débauche un expert en puces graphiques chez AMD', 'Raja Koduri était l’architecte en chef responsable du Radeon Technologies Group et a supervisé le développement des puces graphiques Vega.', NULL, '2017-11-09 07:14:01', 'http://www.zdnet.fr/actualites/intel-debauche-un-expert-en-puces-graphiques-chez-amd-39859744.htm#xtor=RSS-1', 14),
(99, 'Apple Glass : nouveaux indices pour un lancement en 2019', 'Catcher Technology, un fournisseur historique de la pomme, a évoqué le développement d\'un produit léger, connecté, à porter sur soi et orienté réalité augmentée.', NULL, '2017-11-08 14:41:01', 'http://www.zdnet.fr/actualites/apple-glass-nouveaux-indices-pour-un-lancement-en-2019-39859724.htm#xtor=RSS-1', 14),
(100, 'Faille Krack : Google dégaine ses patchs', 'Google a publié plusieurs patchs pour Android visant à corriger notamment la faille Krack, qui permet à un attaquant de s’attaquer aux connexions WiFi. Comme d’habitude, les appareils de Google sont les premiers servis.', NULL, '2017-11-08 10:54:01', 'http://www.zdnet.fr/actualites/faille-krack-google-degaine-ses-patchs-39859698.htm#xtor=RSS-1', 14),
(101, 'Le FBI peste de nouveau contre le chiffrement des smartphones', 'Le FBI a déclaré lors d\'une conférence de presse ne pouvoir accéder aux données stockées sur le téléphone de l\'assassin de 26 personnes dans une église du Texas. Un reproche qui rappelle celui contre Apple en 2015 après la tuerie de San Bernardino.', NULL, '2017-11-08 09:59:01', 'http://www.zdnet.fr/actualites/le-fbi-peste-de-nouveau-contre-le-chiffrement-des-smartphones-39859692.htm#xtor=RSS-1', 14),
(102, 'Sécuriser Windows 10 : Microsoft présente sa liste de prérequis', 'Microsoft a publié une liste des recommandations matérielles à prévoir pour ceux qui souhaiteraient profiter pleinement des nouvelles fonctionnalités de sécurité introduites notamment dans Windows 10.', NULL, '2017-11-08 08:08:01', 'http://www.zdnet.fr/actualites/securiser-windows-10-microsoft-presente-sa-liste-de-prerequis-39859668.htm#xtor=RSS-1', 14),
(103, 'Hyperviseur : AWS passe à un KVM fait maison, bye bye Xen', 'Amazon Web Services annonce l\'arrivée d\'un hyperviseur maison pour ses instances C5. Il s\'inspire de KVM. Conséquence, exit Xen, hyperviseur sur lequel il s\'appuie depuis des années.', NULL, '2017-11-08 07:39:00', 'http://www.zdnet.fr/actualites/hyperviseur-aws-passe-a-un-kvm-fait-maison-bye-bye-xen-39859672.htm#xtor=RSS-1', 14),
(104, 'Clé HDMI : l\'Amazon Fire TV Stick débarque en France [MAJ]', 'Il était temps, la clé est disponible dans plusieurs pays européens depuis plus de deux ans...', NULL, '2017-11-07 14:29:01', 'http://www.zdnet.fr/actualites/cle-hdmi-l-amazon-fire-tv-stick-debarque-en-france-maj-39859656.htm#xtor=RSS-1', 14),
(105, 'La Xbox One X va tenter de déstabiliser la PlayStation 4', 'La firme de Redmond lance sa nouvelle console de salon ce mardi. La machine parie sur la puissance et la 4K pour tenter de rattraper Sony.', NULL, '2017-11-07 11:42:01', 'http://www.zdnet.fr/actualites/la-xbox-one-x-va-tenter-de-destabiliser-la-playstation-4-39859646.htm#xtor=RSS-1', 14),
(106, 'Extension Xmarks pour Firefox : le passage à WebExtension ne se fait pas sans mal', 'L’extension a négocié son passage à WebExtensions, transition obligatoire au vu des nouvelles règles de Firefox en la matière. Mais les utilisateurs se plaignent de nombreux bugs depuis la mise à jour.', NULL, '2017-11-07 11:09:01', 'http://www.zdnet.fr/actualites/extension-xmarks-pour-firefox-le-passage-a-webextension-ne-se-fait-pas-sans-mal-39859640.htm#xtor=RSS-1', 14),
(107, 'HPE Superdome Flex : jusqu\'à 48 To pour l\'analyse in-memory', 'La conception modulaire de la machine est conçue pour permettre aux entreprises de traiter des jeux de données de plus en plus volumineux en utilisant la technique de l\'analyse in-memory.', NULL, '2017-11-07 10:58:01', 'http://www.zdnet.fr/actualites/hpe-superdome-flex-jusqu-a-48-to-pour-l-analyse-in-memory-39859638.htm#xtor=RSS-1', 14),
(108, 'Orange : 66.000 clients privés de mobile le 15 novembre', 'La mise à jour du réseau 2G de l\'opérateur va rendre plusieurs modèles d\'anciens feature-phones Samsung muets. Les clients ont été avertis depuis août dernier.', NULL, '2017-11-13 13:30:01', 'http://www.zdnet.fr/actualites/orange-66000-clients-prives-de-mobile-le-15-novembre-39859896.htm#xtor=RSS-1', 15),
(109, 'Orange prépare des coupes franches dans ses centres d\'appel', 'L\'opérateur historique ne précise pas le volume des suppressions de postes ni le calendrier mais justifie sa décision par la baisse sensible du nombre d\'appels.', NULL, '2017-11-13 08:45:02', 'http://www.zdnet.fr/actualites/orange-prepare-des-coupes-franches-dans-ses-centres-d-appel-39859872.htm#xtor=RSS-1', 15),
(110, 'Paranormal Activity ? Orange et Free s\'unissent dans la fibre optique en Mayenne', 'Orange a remporté l\'appel d\'offre pour couvrir le département, mais la présence de Free à ses côtés permettant de proposer immédiatement deux offres commerciales est une première en France.', NULL, '2017-11-10 14:40:01', 'http://www.zdnet.fr/actualites/paranormal-activity-orange-et-free-s-unissent-dans-la-fibre-optique-en-mayenne-39859834.htm#xtor=RSS-1', 15),
(111, 'Le métro de Toulouse passe à la 4G, pour Paris il faudra encore attendre', 'La totalité des 38 stations et des 30 kilomètres de tunnels du réseau de transport a été couvert par les opérateurs pour le plus grand bonheur des usagers. Détails avec Laurent Babule, Directeur Déploiement et Exploitation du réseau chez Bouygues Telecom.', NULL, '2017-11-10 12:09:02', 'http://www.zdnet.fr/actualites/le-metro-de-toulouse-passe-a-la-4g-pour-paris-il-faudra-encore-attendre-39859812.htm#xtor=RSS-1', 15),
(112, 'L\'IA ramènera à la vie le smartphone, devenu téléphone intelligent', 'L\'intelligence artificielle va "fondamentalement changer" le smartphone, grâce à une technologie qui mènera le téléphone à sa prochaine itération, selon le directeur du logiciel et de l\'ingénierie de Huawei. Et à quoi ressemblera ce futur ?', NULL, '2017-11-10 10:20:01', 'http://www.zdnet.fr/actualites/l-ia-ramenera-a-la-vie-le-smartphone-devenu-telephone-intelligent-39859808.htm#xtor=RSS-1', 15),
(113, 'SFR : reprise en main de Drahi, départ de Combes', 'Les mauvais résultats chroniques de SFR ont provoqué une chute du titre Altice à la bourse d\'Amsterdam. C\'en était trop pour le milliardaire.', NULL, '2017-11-10 08:50:01', 'http://www.zdnet.fr/actualites/sfr-reprise-en-main-de-drahi-depart-de-combes-39859798.htm#xtor=RSS-1', 15),
(114, 'Apple : Hello le FBI, un coup de main pour ce téléphone chiffré ?', 'Apple a fait savoir qu\'il avait contacté le FBI dans le cadre de l\'enquête sur la tuerie au Texas afin de proposer ses services. Les enquêteurs ont pourtant refusé de révéler la marque du smartphone chiffré dont ils cherchent à extraire les données.', NULL, '2017-11-09 16:22:02', 'http://www.zdnet.fr/actualites/apple-hello-le-fbi-un-coup-de-main-pour-ce-telephone-chiffre-39859782.htm#xtor=RSS-1', 15),
(115, 'L\'iPhone 7 champion du monde des smartphones', 'Selon Canalys, le modèle de smartphone le plus vendu au monde au 3e trimestre était l\'iPhone 7 d\'Apple, avec 13 millions d\'unités. Suit l\'iPhone 6s. Sur la période, Apple a aussi vendu 11,8 millions d\'iPhone 8 et 8 Plus, un départ plus modeste qu\'un an plus tôt. Mais Apple a une arme.', NULL, '2017-11-09 14:50:01', 'http://www.zdnet.fr/actualites/l-iphone-7-champion-du-monde-des-smartphones-39859780.htm#xtor=RSS-1', 15),
(116, 'Apple poursuivi pour le double capteur de ses iPhone 7 Plus et 8 Plus', 'La société Corephotonics basée à Tel-Aviv accuse le géant américain d\'enfreindre son brevet avec le double capteur photo intégré dans les iPhone 7 Plus et 8 Plus.', NULL, '2017-11-08 09:17:01', 'http://www.zdnet.fr/actualites/apple-poursuivi-pour-le-double-capteur-de-ses-iphone-7-plus-et-8-plus-39859682.htm#xtor=RSS-1', 15),
(117, 'Apple Pay Cash disponible en bêta aux États-Unis', 'Avec Apple Pay Cash, les utilisateurs peuvent envoyer et recevoir de l’argent depuis l’application Messages sur les iPhone.', NULL, '2017-11-08 07:34:01', 'http://www.zdnet.fr/actualites/apple-pay-cash-disponible-en-beta-aux-tats-unis-39859676.htm#xtor=RSS-1', 15),
(118, 'Brevets : Apple peut garder les 120 millions de dollars de Samsung', 'Samsung ne récupèrera pas les 120 millions de dollars versés à Apple pour violation de brevets. La Cour Suprême des Etats-Unis a rejeté la demande du coréen. Pour autant, la bataille entre les deux firmes n\'est pas soldée.', NULL, '2017-11-07 11:21:01', 'http://www.zdnet.fr/actualites/brevets-apple-peut-garder-les-120-millions-de-dollars-de-samsung-39859642.htm#xtor=RSS-1', 15),
(119, 'Smartphone : le OnePlus 5T en approche [MAJ]', 'Comme d\'habitude, le fabricant chinois va décliner son dernier flagship dans une version plus puissante qui sera présentée à New York, sûrement le 16 novembre.', NULL, '2017-11-07 10:26:01', 'http://www.zdnet.fr/actualites/smartphone-le-oneplus-5t-en-approche-maj-39859630.htm#xtor=RSS-1', 15),
(120, 'Fin du RTC : Les enjeux des hauts et très hauts débits', 'La suppression des PABX analogique implique de basculer vers une solution de téléphonie sur IP. C’est le moment de réévaluer ses accès télécoms. Entre hauts et très hauts débits, la question n’est pas seulement le prix. Outre la haute disponibilité, il faut également retenir l’efficacité et le confort des utilisateurs, voire l’image de marque de l’entreprise.', NULL, '2017-11-07 09:35:02', 'http://www.zdnet.fr/actualites/fin-du-rtc-les-enjeux-des-hauts-et-tres-hauts-debits-39858576.htm#xtor=RSS-1', 15),
(121, 'Droits TV : SFR plie devant TF1 mais obtient des services "innovants"', 'Altice et TF1 annoncent la signature d\'un accord global de distribution incluant des services complémentaires. Le montant de la transaction n\'a pas été communiqué.', NULL, '2017-11-07 09:06:02', 'http://www.zdnet.fr/actualites/droits-tv-sfr-plie-devant-tf1-mais-obtient-des-services-innovants-39859622.htm#xtor=RSS-1', 15),
(234, 'Xiaomi s\'implante en Espagne, une bonne nouvelle pour la France', 'Pour les clients français qui veulent adopter les nombreux produits du géant chinois, l\'arrivée sur la péninsule ibérique des appareils Xiaomi leur assure une compatibilité avec les réseaux français. Ce qui était loin d\'être le cas jusqu\'alors.', NULL, '2017-10-24 08:09:01', 'http://www.zdnet.fr/actualites/xiaomi-s-implante-en-espagne-une-bonne-nouvelle-pour-la-france-39859026.htm#xtor=RSS-1', 16),
(233, 'Des problèmes d\'écran sur les Pixel 2 XL', 'Des utilisateurs de ce nouveau téléphone signalent la présence de pixels blancs sur certaines zones de l\'écran. Ce problème advient souvent après des mois, voire des années d\'utilisation. Mais ici, cela se produit après quelques jours d\'usage. ', NULL, '2017-10-24 08:42:01', 'http://www.zdnet.fr/actualites/des-problemes-d-ecran-sur-les-pixel-2-xl-39859028.htm#xtor=RSS-1', 16),
(232, 'Galaxy X : autre brevet pour le futur smartphone pliable de Samsung', 'Un nouveau schéma du terminal, très différent de ce qui avait circulé jusqu\'à aujourd\'hui, circule sur la Toile.', NULL, '2017-10-27 10:01:01', 'http://www.zdnet.fr/actualites/galaxy-x-autre-brevet-pour-le-futur-smartphone-pliable-de-samsung-39859220.htm#xtor=RSS-1', 16),
(230, 'L’inde, l’autre pays du smartphone, devant les US', 'Le développement des smartphones d’entrée de gamme et le boom de la 4G ont favorisé la croissance du marché en Inde. Par la taille, le marché indien des smartphones supplante ainsi les Etats-Unis pour se classer second derrière la Chine.', NULL, '2017-10-30 06:54:01', 'http://www.zdnet.fr/actualites/l-inde-l-autre-pays-du-smartphone-devant-les-us-39859268.htm#xtor=RSS-1', 16),
(231, 'Les apps mobiles d\'entreprise sont encore mal considérées', 'Les études ne cessent de montrer l\'importance croissante des apps mobiles pour les entreprises avides de numérique. Pourtant, personne n\'est satisfait de la façon dont ces apps sont conçues et déployées.', NULL, '2017-10-27 14:20:00', 'http://www.zdnet.fr/actualites/les-apps-mobiles-d-entreprise-sont-encore-mal-considerees-39859176.htm#xtor=RSS-1', 16),
(229, 'Après l\'iPhone X : Prédire l\'avenir du smartphone', 'Avec l\'iPhone X, Apple revendique un produit qui ouvrira la voie à la technologie de la prochaine décennie Au-delà du marketing, que nous réservent les dix prochaines années dans le domaine des smartphones ? Voici quelques idées.', NULL, '2017-10-30 11:44:01', 'http://www.zdnet.fr/actualites/apres-l-iphone-x-predire-l-avenir-du-smartphone-39859308.htm#xtor=RSS-1', 16),
(228, 'Pour Samsung, c’est la fête aux composants, une affaire en or', 'Au dernier trimestre, Samsung affiche une santé de fer, en grande partie grâce aux ventes de composants électroniques. Le coréen réalise un bénéfice d’exploitation record.', NULL, '2017-10-31 06:39:01', 'http://www.zdnet.fr/actualites/pour-samsung-c-est-la-fete-aux-composants-une-affaire-en-or-39859328.htm#xtor=RSS-1', 16),
(227, 'Signal IM se dote d’une application standalone sur PC', 'L’application de messagerie chiffrée lance une version à destination des utilisateurs pour Mac, PC et Linux. Une étape importante pour cette application qui est généralement présentée comme l’une des plus sécurisées du marché, mais qui reste essentiellement centrée sur le mobile.', NULL, '2017-11-02 14:00:01', 'http://www.zdnet.fr/actualites/signal-im-se-dote-d-une-application-standalone-sur-pc-39859436.htm#xtor=RSS-1', 16),
(226, 'Chiffres clés : les ventes de mobiles et de smartphones ', 'Les derniers chiffres du marché des smartphones. En 2017, le marché mondial devrait légèrement repartir avec 3% de croissance attendus et 1,52 milliard de terminaux livrés. Après un 1er trimestre en croissance (4,3%), le marché s\'était contracté au 2e (-1,3%). Il repart à la hausse au 3e trimestre (+2,7%). La bataille des smartphones haut de gamme s\'annonce pour les derniers mois de l\'année.', NULL, '2017-11-03 14:26:00', 'http://www.zdnet.fr/actualites/chiffres-cles-les-ventes-de-mobiles-et-de-smartphones-39789928.htm#xtor=RSS-1', 16),
(225, 'Apple songerait à se passer des puces Qualcomm', 'Selon des sources officieuses, Apple travaillerait sur un nouveau design interne d’iPhone et d’iPad qui lui permettrait de ne plus utiliser des composants Qualcomm. Mais aucune décision n’a encore été prise.', NULL, '2017-10-31 07:17:01', 'http://www.zdnet.fr/actualites/apple-songerait-a-se-passer-des-puces-qualcomm-39859330.htm#xtor=RSS-1', 15),
(223, 'Nokia 2 : un smartphone à 99 euros très autonome', 'Le nouveau Nokia (HMD Global) continue à décliner son catalogue en s\'attaquant cette fois au bas du marché avec cette proposition très low-cost.', NULL, '2017-10-31 10:54:01', 'http://www.zdnet.fr/actualites/nokia-2-un-smartphone-a-99-euros-tres-autonome-39859360.htm#xtor=RSS-1', 15),
(224, 'Le Razer Phone devrait être un vrai monstre de puissance', 'La fiche technique du terminal développé par la marque bien connue des gamers a fuité. Sans surprise, les spécifications sont très musclées.', NULL, '2017-10-31 08:59:01', 'http://www.zdnet.fr/actualites/le-razer-phone-devrait-etre-un-vrai-monstre-de-puissance-39859342.htm#xtor=RSS-1', 15),
(221, 'B.duo : BouyguesTel maintient le service provisoirement suite à la grogne des pros', 'L\'opérateur avait décidé de fermer le service qui permet d\'associer deux numéros sur la même carte SIM sans proposer de solution de repli.', NULL, '2017-11-02 08:39:01', 'http://www.zdnet.fr/actualites/bduo-bouyguestel-maintient-le-service-provisoirement-suite-a-la-grogne-des-pros-39859400.htm#xtor=RSS-1', 15),
(222, 'Touch ID ? Il n’a jamais eu sa place sur l\'iPhone X', 'Apple n’a pas consacré le moindre temps à essayer de faire entrer son lecteur d’empreintes Touch ID sur l’iPhone X, pas plus au dos que sur l\'écran.', NULL, '2017-11-02 07:06:01', 'http://www.zdnet.fr/actualites/touch-id-il-n-a-jamais-eu-sa-place-sur-l-iphone-x-39859394.htm#xtor=RSS-1', 15),
(219, 'Razer Phone : tout pour les gamers', 'Gros processeur, mémoire vive blindée et écran innovant : le terminal vise clairement les adeptes du jeu et du multimédia. Mais il faudra mettre le prix.', NULL, '2017-11-02 09:31:01', 'http://www.zdnet.fr/actualites/razer-phone-tout-pour-les-gamers-39859410.htm#xtor=RSS-1', 15),
(220, 'Orange Bank plonge dans le grand bain des néo-banques [MAJ]', 'La banque 100% mobile de l\'opérateur historique ouvre ses portes ce jeudi avec de fortes ambitions : 2 millions de clients dont 400.000 l\'an prochain.', NULL, '2017-11-02 09:09:01', 'http://www.zdnet.fr/actualites/orange-bank-plonge-dans-le-grand-bain-des-neo-banques-maj-39859402.htm#xtor=RSS-1', 15),
(218, 'SFR clarifie son offre mobile ', 'Entre les options plus ou moins imposées et des forfaits difficilement lisibles, l\'opérateur au carré rouge revoit complètement son offre avec désormais 4 forfaits dédiés.', NULL, '2017-11-02 09:46:00', 'http://www.zdnet.fr/actualites/sfr-clarifie-son-offre-mobile-39859450.htm#xtor=RSS-1', 15),
(217, 'Smartphone : HTC se met aussi au borderless avec le U11+', 'Le fabriquant taïwanais renouvelle son haut de gamme avec ce smartphone qui sera vendu 799 euros. ', NULL, '2017-11-03 05:00:00', 'http://www.zdnet.fr/actualites/smartphone-htc-se-met-aussi-au-borderless-avec-le-u11-39859474.htm#xtor=RSS-1', 15),
(216, 'Intel a-t-il bénéficié de code source Qualcomm ?', 'Apple vs Qualcomm, dernier épisode : Qualcomm accuse Apple d’avoir partagé du code source avec son rival Intel.', NULL, '2017-11-03 06:51:01', 'http://www.zdnet.fr/actualites/intel-a-t-il-beneficie-de-code-source-qualcomm-39859464.htm#xtor=RSS-1', 15),
(215, 'SFR : des résultats pas très frais au troisième trimestre', 'Malgré ses efforts, l\'opérateur au carré rouge continue à perdre des clients dans le fixe mais en gagne un peu dans le mobile. Surtout, le revenu moyen par abonné ne décolle pas.', NULL, '2017-11-03 09:28:01', 'http://www.zdnet.fr/actualites/sfr-des-resultats-pas-tres-frais-au-troisieme-trimestre-39859466.htm#xtor=RSS-1', 15),
(214, '4G : une mauvaise pêche pour les Français ?', 'Selon une étude d\'un cabinet britannique, la France se classe 65e au niveau mondial en matière de "disponibilité 4G".', NULL, '2017-11-03 09:59:01', 'http://www.zdnet.fr/actualites/4g-une-mauvaise-peche-pour-les-francais-39859476.htm#xtor=RSS-1', 15),
(213, 'Smartphones : encore des filets bien remplis au 3e trimestre', 'Selon les chiffres d\'IDC, les ventes mondiales ont progressé de presque 3% entre juillet et septembre. Derrière Apple et Samsung, les fabricants chinois flambent. ', NULL, '2017-11-03 10:42:01', 'http://www.zdnet.fr/actualites/smartphones-encore-des-filets-bien-remplis-au-3e-trimestre-39859486.htm#xtor=RSS-1', 15),
(211, 'Samsung se moque d\'Apple et des 10 ans de l\'iPhone dans une pub', 'Dans une publicité, le géant sud-coréen raille un smartphone qui serait en retard technologiquement face à ses propres produits.', NULL, '2017-11-06 08:29:01', 'http://www.zdnet.fr/actualites/samsung-se-moque-d-apple-et-des-10-ans-de-l-iphone-dans-une-pub-39859556.htm#xtor=RSS-1', 15),
(212, 'Etats-Unis : T-Mobile et Sprint abandonnent leur projet de fusion', 'Les deux opérateurs T-Mobile et Sprint ont officialisé la fin de leurs pourparlers en vue d’une fusion faute d’avoir trouvé un terrain d’entente.', NULL, '2017-11-06 07:22:01', 'http://www.zdnet.fr/actualites/etats-unis-t-mobile-et-sprint-abandonnent-leur-projet-de-fusion-39859552.htm#xtor=RSS-1', 15),
(210, 'Altice va lancer des services mobiles aux USA', 'Le groupe de Patrick Drahi va utiliser le réseau de Sprint pour proposer des forfaits voix et data outre-Atlantique.', NULL, '2017-11-06 09:43:01', 'http://www.zdnet.fr/actualites/altice-va-lancer-des-services-mobiles-aux-usa-39859562.htm#xtor=RSS-1', 15),
(209, 'Facebook, Google et Twitter sur le grill : 4 révélations de l\'enquête russe', 'L\'audience au Sénat US fut la première des auditions attendant les géants du Web pour faire la lumière sur l\'exploitation de leurs services par des hackers et propagandistes soutenus par la Russie pour propager désinformation et fausses actualités.', NULL, '2017-11-02 14:24:02', 'http://www.zdnet.fr/actualites/facebook-google-et-twitter-sur-le-grill-4-revelations-de-l-enquete-russe-39859442.htm#xtor=RSS-1', 13),
(208, 'Facebook présente des résultats record, mais Mark Zuckerberg a la tête ailleurs', 'La question de la sécurité de la plate-forme face aux "ingérences étrangères" devient un sujet de préoccupation majeur pour le patron de Facebook, qui annonce que les efforts en la matière vont avoir une influence sur les résultats financiers à venir.', NULL, '2017-11-02 14:39:01', 'http://www.zdnet.fr/actualites/facebook-presente-des-resultats-record-mais-mark-zuckerberg-a-la-tete-ailleurs-39859444.htm#xtor=RSS-1', 13),
(207, 'Un employé de Twitter coupe le sifflet de Trump juste avant de partir à la pêche', 'Il aura attendu le dernier jour pour agir. Un employé sur le départ du réseau social amplement fréquenté par le président des Etats-Unis a supprimé son compte. La coupure fut brève (11 minutes), mais égratigne les processus de contrôle de l\'entreprise.', NULL, '2017-11-03 10:01:02', 'http://www.zdnet.fr/actualites/un-employe-de-twitter-coupe-le-sifflet-de-trump-juste-avant-de-partir-a-la-peche-39859472.htm#xtor=RSS-1', 13),
(206, 'Une torsion de la lumière pourrait amener du neuf dans les communications sans fil', 'La lumière transporte des 0 et des 1. Des chercheurs viennent en plus de lui ajouter des "a" des "b" ou encore des "c" en la tordant. De quoi augmenter considérablement le débit de transmission d\'information en milieu ouvert.', NULL, '2017-11-03 14:18:01', 'http://www.zdnet.fr/actualites/une-torsion-de-la-lumiere-pourrait-amener-du-neuf-dans-les-communications-sans-fil-39859510.htm#xtor=RSS-1', 13),
(205, 'Google Docs retirés : Google blâme les mailles de son filet', 'Mardi dernier, de nombreux utilisateurs s’étaient plaints de retraits inopinés de documents hébergés sur Google Drive. Le service indiquait alors que ceux-ci avaient été retirés pour violation des CGU. Un bug rapidement corrigé, mais sur lequel Google a souhaité s’exprimer.', NULL, '2017-11-03 14:52:01', 'http://www.zdnet.fr/actualites/google-docs-retires-google-blame-les-mailles-de-son-filet-39859518.htm#xtor=RSS-1', 13),
(204, 'TorMoil : une faille de sécurité affecte Tor sur Mac et Linux', 'Le Tor Browser, navigateur développé pour utiliser le principe du réseau en oignon, était vulnérable à une faille affectant ses versions pour Mac et Linux. Celle-ci permettait de retrouver l’adresse IP de l’utilisateur.', NULL, '2017-11-06 14:50:01', 'http://www.zdnet.fr/actualites/tormoil-une-faille-de-securite-affecte-tor-sur-mac-et-linux-39859598.htm#xtor=RSS-1', 13),
(203, 'Mais qu\'est ce qui fait exploser le cours du Bitcoin ? Les produits dérivés', 'Le ou les créateurs de la fameuse monnaie virtuelle voulaient tirer les leçons de la crise financière de 2008, provoquée par l\'explosion des subprimes au nez et à la barbe des banques et de leurs clients. Et voici qu\'ils reviennent par la porte du Bitcoin. Un signe de... crédibilité assure t-on.', NULL, '2017-11-06 15:50:01', 'http://www.zdnet.fr/actualites/mais-qu-est-ce-qui-fait-exploser-le-cours-du-bitcoin-les-produits-derives-39859604.htm#xtor=RSS-1', 13),
(202, 'Twitter fait (encore) le point sur sa modération', 'Twitter a publié la semaine dernière une nouvelle version de son règlement concernant la modération du réseau social. Le service fait en effet face à de nombreux cas de harcèlement et ne parvient pas à trouver l\'équilibre satisfaisant entre liberté d’expression et modération.', NULL, '2017-11-06 16:10:01', 'http://www.zdnet.fr/actualites/twitter-fait-encore-le-point-sur-sa-moderation-39859606.htm#xtor=RSS-1', 13),
(201, 'Mobilité et IoT : 3 astuces de cybersécurité à connaître', 'Les enjeux de la cybersécurité deviennent beaucoup plus élevés. Ils ne se limitent plus à une perte de productivité et de rentabilité. Car une compromission de votre réseau pourrait mettre en danger la sécurité publique.', NULL, '2017-11-06 16:22:00', 'http://www.zdnet.fr/actualites/mobilite-et-iot-3-astuces-de-cybersecurite-a-conna-tre-39859454.htm#xtor=RSS-1', 13);

-- --------------------------------------------------------

--
-- Structure de la table `commentaire`
--

CREATE TABLE `commentaire` (
  `id_c` int(11) NOT NULL,
  `id_a` int(11) NOT NULL,
  `id_u` int(11) NOT NULL,
  `contenu` text NOT NULL,
  `date_post` datetime NOT NULL DEFAULT CURRENT_TIMESTAMP
) ENGINE=MyISAM DEFAULT CHARSET=latin1;

-- --------------------------------------------------------

--
-- Structure de la table `flux`
--

CREATE TABLE `flux` (
  `id_f` int(11) NOT NULL,
  `titre` varchar(255) NOT NULL,
  `lien` varchar(255) NOT NULL
) ENGINE=MyISAM DEFAULT CHARSET=latin1;

--
-- Contenu de la table `flux`
--

INSERT INTO `flux` (`id_f`, `titre`, `lien`) VALUES
(15, 'BlogNt', 'http://www.blog-nouvelles-technologies.fr/feed/'),
(18, '.Numerama', 'http://www.numerama.com/feed/'),
(19, 'Zdnet internet', 'http://www.zdnet.fr/feeds/rss/actualites/internet/'),
(20, 'Zdnet Informatique', 'http://www.zdnet.fr/feeds/rss/actualites/informatique/ '),
(21, 'Zdnet telecom', 'http://www.zdnet.fr/feeds/rss/actualites/telecoms/'),
(22, 'Zdnet smartphone', 'http://www.zdnet.fr/feeds/rss/actualites/smartphone-4000002598q.htm ');

-- --------------------------------------------------------

--
-- Structure de la table `theme`
--

CREATE TABLE `theme` (
  `id_t` int(11) NOT NULL,
  `nom` varchar(255) NOT NULL
) ENGINE=MyISAM DEFAULT CHARSET=latin1;

--
-- Contenu de la table `theme`
--

INSERT INTO `theme` (`id_t`, `nom`) VALUES
(10, 'Nouvelle techno'),
(13, 'Actualité Internet'),
(14, 'Actualité informatique'),
(15, 'Actualité telecom'),
(16, 'Actualité smartphone');

-- --------------------------------------------------------

--
-- Structure de la table `user`
--

CREATE TABLE `user` (
  `id_u` int(11) NOT NULL,
  `email` varchar(255) NOT NULL,
  `login` varchar(255) NOT NULL,
  `mdp` varchar(255) NOT NULL,
  `nom` varchar(50) DEFAULT NULL,
  `prenom` varchar(50) DEFAULT NULL,
  `telephone` varchar(50) DEFAULT NULL,
  `adresse` varchar(255) DEFAULT NULL,
  `date_inscription` datetime NOT NULL DEFAULT CURRENT_TIMESTAMP,
  `lvl` int(11) NOT NULL DEFAULT '1'
) ENGINE=MyISAM DEFAULT CHARSET=latin1;

--
-- Contenu de la table `user`
--

INSERT INTO `user` (`id_u`, `email`, `login`, `mdp`, `nom`, `prenom`, `telephone`, `adresse`, `date_inscription`, `lvl`) VALUES
(1, 'admin@gmail.com', 'admin', '7581f9f7cb4e2c129cf3994be96f620fca5eb4c0', 'admin', 'admin', 'admin', 'admin', '2017-10-09 15:07:28', 0),
(2, 'test@gmail.com', 'test', '7581f9f7cb4e2c129cf3994be96f620fca5eb4c0', 'test', 'test', NULL, NULL, '2017-10-16 11:15:14', 1),
(3, 'luc.leveque78@gmail.com', 'Luc', '7581f9f7cb4e2c129cf3994be96f620fca5eb4c0', 'Leveque', 'Luc', NULL, NULL, '2017-11-13 21:31:16', 1);

--
-- Index pour les tables exportées
--

--
-- Index pour la table `appartenir`
--
ALTER TABLE `appartenir`
  ADD PRIMARY KEY (`id_f`,`id_t`),
  ADD KEY `id_t` (`id_t`),
  ADD KEY `id_f` (`id_f`);

--
-- Index pour la table `article`
--
ALTER TABLE `article`
  ADD PRIMARY KEY (`id_a`);

--
-- Index pour la table `commentaire`
--
ALTER TABLE `commentaire`
  ADD PRIMARY KEY (`id_c`),
  ADD KEY `id_a` (`id_a`),
  ADD KEY `id_u` (`id_u`);

--
-- Index pour la table `flux`
--
ALTER TABLE `flux`
  ADD PRIMARY KEY (`id_f`);

--
-- Index pour la table `theme`
--
ALTER TABLE `theme`
  ADD PRIMARY KEY (`id_t`);

--
-- Index pour la table `user`
--
ALTER TABLE `user`
  ADD PRIMARY KEY (`id_u`);

--
-- AUTO_INCREMENT pour les tables exportées
--

--
-- AUTO_INCREMENT pour la table `article`
--
ALTER TABLE `article`
  MODIFY `id_a` int(11) NOT NULL AUTO_INCREMENT, AUTO_INCREMENT=245;
--
-- AUTO_INCREMENT pour la table `commentaire`
--
ALTER TABLE `commentaire`
  MODIFY `id_c` int(11) NOT NULL AUTO_INCREMENT, AUTO_INCREMENT=4;
--
-- AUTO_INCREMENT pour la table `flux`
--
ALTER TABLE `flux`
  MODIFY `id_f` int(11) NOT NULL AUTO_INCREMENT, AUTO_INCREMENT=23;
--
-- AUTO_INCREMENT pour la table `theme`
--
ALTER TABLE `theme`
  MODIFY `id_t` int(11) NOT NULL AUTO_INCREMENT, AUTO_INCREMENT=17;
--
-- AUTO_INCREMENT pour la table `user`
--
ALTER TABLE `user`
  MODIFY `id_u` int(11) NOT NULL AUTO_INCREMENT, AUTO_INCREMENT=4;
/*!40101 SET CHARACTER_SET_CLIENT=@OLD_CHARACTER_SET_CLIENT */;
/*!40101 SET CHARACTER_SET_RESULTS=@OLD_CHARACTER_SET_RESULTS */;
/*!40101 SET COLLATION_CONNECTION=@OLD_COLLATION_CONNECTION */;
